image_path,emotion
63.jpg,surprise
823.jpg,sad
4217.jpg,contempt
3578.jpg,neutral
2666.jpg,surprise
2100.jpg,sad
4571.jpg,surprise
1409.jpg,surprise
189.jpg,contempt
2114.jpg,neutral
4565.jpg,anger
4203.jpg,neutral
2672.jpg,neutral
77.jpg,neutral
837.jpg,neutral
2882.jpg,contempt
3544.jpg,surprise
1353.jpg,surprise
1435.jpg,disgust
3222.jpg,surprise
2128.jpg,fear
3236.jpg,anger
4559.jpg,disgust
1421.jpg,fear
1347.jpg,uncertain
2896.jpg,surprise
3550.jpg,neutral
638.jpg,surprise
2869.jpg,fear
1390.jpg,fear
604.jpg,surprise
2699.jpg,neutral
2841.jpg,disgust
3587.jpg,uncertain
162.jpg,contempt
176.jpg,surprise
2855.jpg,contempt
3593.jpg,happy
88.jpg,neutral
610.jpg,anger
1384.jpg,neutral
4773.jpg,fear
2302.jpg,surprise
2464.jpg,anger
4015.jpg,happy
1179.jpg,happy
2470.jpg,surprise
4001.jpg,sad
4767.jpg,happy
3008.jpg,anger
2316.jpg,neutral
3020.jpg,contempt
4997.jpg,neutral
1637.jpg,surprise
1151.jpg,neutral
2458.jpg,uncertain
3746.jpg,anger
4029.jpg,contempt
3752.jpg,neutral
1145.jpg,sad
1623.jpg,fear
3034.jpg,neutral
4983.jpg,neutral
4968.jpg,anger
1810.jpg,fear
3961.jpg,sad
3975.jpg,neutral
1804.jpg,contempt
348.jpg,happy
360.jpg,anger
4954.jpg,neutral
3785.jpg,surprise
406.jpg,happy
1192.jpg,surprise
1186.jpg,anger
412.jpg,neutral
3791.jpg,neutral
3949.jpg,neutral
4940.jpg,surprise
4798.jpg,neutral
1838.jpg,happy
374.jpg,happy
2276.jpg,anger
3168.jpg,anger
4607.jpg,happy
4161.jpg,happy
2510.jpg,contempt
1019.jpg,surprise
599.jpg,contempt
4175.jpg,contempt
2504.jpg,neutral
2262.jpg,uncertain
4613.jpg,neutral
3154.jpg,anger
1743.jpg,anger
1025.jpg,fear
3632.jpg,contempt
4149.jpg,fear
3626.jpg,sad
2538.jpg,neutral
1031.jpg,uncertain
1757.jpg,neutral
3140.jpg,anger
228.jpg,anger
1964.jpg,anger
3815.jpg,anger
3801.jpg,neutral
1970.jpg,sad
4808.jpg,anger
214.jpg,surprise
1780.jpg,neutral
1958.jpg,surprise
3197.jpg,anger
4820.jpg,happy
2289.jpg,happy
3829.jpg,surprise
572.jpg,fear
566.jpg,neutral
3183.jpg,happy
4834.jpg,surprise
1794.jpg,happy
200.jpg,surprise
957.jpg,neutral
2712.jpg,anger
4363.jpg,surprise
4405.jpg,surprise
2074.jpg,happy
1569.jpg,happy
4411.jpg,contempt
2060.jpg,contempt
2706.jpg,fear
3418.jpg,anger
4377.jpg,neutral
943.jpg,fear
3430.jpg,neutral
1227.jpg,sad
1541.jpg,anger
4439.jpg,neutral
3356.jpg,anger
2048.jpg,anger
3342.jpg,contempt
1555.jpg,disgust
1233.jpg,fear
3424.jpg,anger
2909.jpg,neutral
994.jpg,sad
758.jpg,surprise
980.jpg,neutral
770.jpg,contempt
2935.jpg,neutral
3395.jpg,anger
1582.jpg,surprise
1596.jpg,happy
3381.jpg,disgust
2921.jpg,anger
4388.jpg,fear
764.jpg,surprise
3380.jpg,anger
1597.jpg,contempt
765.jpg,contempt
4389.jpg,neutral
2920.jpg,neutral
2934.jpg,anger
771.jpg,anger
1583.jpg,surprise
3394.jpg,contempt
981.jpg,neutral
759.jpg,sad
995.jpg,surprise
2908.jpg,anger
1554.jpg,surprise
3343.jpg,neutral
3425.jpg,happy
1232.jpg,anger
1226.jpg,contempt
3431.jpg,uncertain
2049.jpg,disgust
3357.jpg,anger
4438.jpg,neutral
1540.jpg,sad
2061.jpg,neutral
4410.jpg,anger
1568.jpg,surprise
942.jpg,anger
4376.jpg,happy
3419.jpg,disgust
2707.jpg,disgust
4362.jpg,surprise
2713.jpg,neutral
956.jpg,surprise
2075.jpg,anger
4404.jpg,surprise
567.jpg,happy
201.jpg,sad
1795.jpg,contempt
4835.jpg,happy
3182.jpg,sad
2288.jpg,neutral
4821.jpg,neutral
3196.jpg,surprise
1959.jpg,fear
1781.jpg,neutral
215.jpg,neutral
573.jpg,happy
3828.jpg,anger
3800.jpg,contempt
4809.jpg,fear
1971.jpg,surprise
1965.jpg,uncertain
229.jpg,uncertain
3814.jpg,contempt
1030.jpg,fear
2539.jpg,surprise
3627.jpg,happy
4148.jpg,anger
3141.jpg,contempt
1756.jpg,anger
1742.jpg,neutral
3155.jpg,neutral
3633.jpg,neutral
1024.jpg,fear
2505.jpg,anger
4174.jpg,neutral
598.jpg,disgust
4612.jpg,happy
2263.jpg,neutral
4606.jpg,uncertain
3169.jpg,fear
2277.jpg,surprise
1018.jpg,sad
2511.jpg,neutral
4160.jpg,neutral
3948.jpg,anger
3790.jpg,fear
413.jpg,happy
1187.jpg,anger
375.jpg,anger
1839.jpg,neutral
4799.jpg,neutral
4941.jpg,neutral
4955.jpg,contempt
361.jpg,anger
1193.jpg,anger
407.jpg,disgust
3784.jpg,surprise
3974.jpg,disgust
349.jpg,happy
1805.jpg,anger
1811.jpg,happy
4969.jpg,happy
3960.jpg,anger
1144.jpg,sad
3753.jpg,anger
4982.jpg,uncertain
3035.jpg,happy
1622.jpg,happy
1636.jpg,sad
4996.jpg,fear
3021.jpg,neutral
4028.jpg,happy
3747.jpg,anger
2459.jpg,anger
1150.jpg,sad
4000.jpg,surprise
2471.jpg,anger
1178.jpg,happy
2317.jpg,surprise
3009.jpg,anger
4766.jpg,anger
2303.jpg,surprise
4772.jpg,neutral
4014.jpg,sad
2465.jpg,neutral
177.jpg,contempt
1385.jpg,happy
611.jpg,surprise
89.jpg,surprise
3592.jpg,uncertain
2854.jpg,surprise
3586.jpg,contempt
2840.jpg,neutral
2698.jpg,uncertain
605.jpg,sad
1391.jpg,contempt
163.jpg,disgust
2868.jpg,sad
639.jpg,sad
1420.jpg,contempt
4558.jpg,contempt
3237.jpg,anger
2129.jpg,disgust
3551.jpg,surprise
2897.jpg,disgust
1346.jpg,disgust
1352.jpg,sad
3545.jpg,happy
2883.jpg,happy
3223.jpg,surprise
1434.jpg,neutral
4564.jpg,surprise
2115.jpg,anger
188.jpg,anger
836.jpg,neutral
76.jpg,fear
2673.jpg,surprise
4202.jpg,neutral
2667.jpg,anger
3579.jpg,contempt
4216.jpg,neutral
822.jpg,surprise
62.jpg,surprise
1408.jpg,anger
4570.jpg,sad
2101.jpg,surprise
4200.jpg,neutral
2671.jpg,happy
74.jpg,contempt
1378.jpg,surprise
834.jpg,disgust
2117.jpg,contempt
3209.jpg,disgust
4566.jpg,sad
2103.jpg,fear
4572.jpg,anger
60.jpg,happy
820.jpg,uncertain
4214.jpg,sad
2665.jpg,sad
48.jpg,sad
1344.jpg,sad
808.jpg,uncertain
2895.jpg,sad
3553.jpg,disgust
3235.jpg,disgust
1422.jpg,anger
1436.jpg,happy
3221.jpg,sad
4228.jpg,anger
2881.jpg,surprise
3547.jpg,fear
2659.jpg,neutral
1350.jpg,uncertain
149.jpg,uncertain
2856.jpg,neutral
3590.jpg,contempt
613.jpg,contempt
1387.jpg,uncertain
175.jpg,anger
4599.jpg,fear
161.jpg,neutral
1393.jpg,fear
607.jpg,neutral
2842.jpg,contempt
3584.jpg,anger
4764.jpg,neutral
2315.jpg,fear
388.jpg,disgust
2473.jpg,sad
4002.jpg,contempt
2467.jpg,neutral
3779.jpg,surprise
4016.jpg,anger
1608.jpg,sad
4770.jpg,fear
2301.jpg,surprise
1620.jpg,neutral
4758.jpg,neutral
3037.jpg,disgust
2329.jpg,sad
4980.jpg,anger
3989.jpg,contempt
3751.jpg,surprise
1146.jpg,fear
1152.jpg,anger
3745.jpg,sad
3023.jpg,fear
4994.jpg,sad
1634.jpg,uncertain
1807.jpg,happy
3976.jpg,contempt
439.jpg,neutral
3962.jpg,disgust
1813.jpg,fear
4943.jpg,neutral
377.jpg,neutral
1185.jpg,neutral
411.jpg,disgust
3792.jpg,anger
3786.jpg,sad
2498.jpg,surprise
405.jpg,happy
1191.jpg,anger
363.jpg,happy
4957.jpg,anger
2261.jpg,happy
4610.jpg,anger
1768.jpg,surprise
4176.jpg,uncertain
3619.jpg,anger
2507.jpg,sad
4162.jpg,anger
2513.jpg,sad
2275.jpg,neutral
4604.jpg,sad
1754.jpg,sad
3143.jpg,anger
3625.jpg,anger
1032.jpg,neutral
1026.jpg,anger
3631.jpg,neutral
2249.jpg,fear
3157.jpg,happy
4638.jpg,neutral
1998.jpg,anger
1740.jpg,neutral
1973.jpg,fear
3802.jpg,neutral
559.jpg,sad
3816.jpg,neutral
1967.jpg,happy
3180.jpg,fear
4837.jpg,happy
1797.jpg,anger
203.jpg,sad
565.jpg,surprise
4189.jpg,happy
571.jpg,disgust
217.jpg,neutral
1783.jpg,neutral
3194.jpg,neutral
4823.jpg,anger
2705.jpg,fear
4374.jpg,sad
940.jpg,fear
798.jpg,uncertain
4412.jpg,neutral
2063.jpg,anger
4406.jpg,anger
3369.jpg,surprise
2077.jpg,happy
954.jpg,anger
1218.jpg,anger
2711.jpg,anger
4360.jpg,sad
1230.jpg,anger
2739.jpg,anger
3427.jpg,happy
4348.jpg,anger
3341.jpg,fear
1556.jpg,uncertain
1542.jpg,fear
3355.jpg,contempt
3433.jpg,anger
968.jpg,contempt
1224.jpg,neutral
983.jpg,anger
997.jpg,anger
2922.jpg,neutral
767.jpg,anger
1595.jpg,surprise
3382.jpg,contempt
2088.jpg,happy
3396.jpg,neutral
1581.jpg,surprise
773.jpg,anger
2936.jpg,sad
1580.jpg,uncertain
3397.jpg,surprise
2089.jpg,uncertain
2937.jpg,anger
772.jpg,happy
766.jpg,anger
2923.jpg,neutral
3383.jpg,fear
1594.jpg,surprise
996.jpg,happy
982.jpg,fear
3354.jpg,neutral
1543.jpg,happy
1225.jpg,happy
969.jpg,anger
3432.jpg,contempt
4349.jpg,surprise
3426.jpg,happy
2738.jpg,surprise
1231.jpg,happy
1557.jpg,sad
3340.jpg,disgust
2076.jpg,fear
3368.jpg,sad
4407.jpg,neutral
4361.jpg,contempt
2710.jpg,uncertain
1219.jpg,uncertain
955.jpg,anger
799.jpg,anger
941.jpg,surprise
4375.jpg,uncertain
2704.jpg,happy
2062.jpg,surprise
4413.jpg,fear
570.jpg,anger
4822.jpg,contempt
3195.jpg,contempt
1782.jpg,surprise
216.jpg,surprise
202.jpg,neutral
1796.jpg,anger
4836.jpg,uncertain
3181.jpg,surprise
4188.jpg,contempt
564.jpg,disgust
3817.jpg,fear
1966.jpg,contempt
1972.jpg,neutral
558.jpg,neutral
3803.jpg,fear
3630.jpg,anger
1027.jpg,neutral
1741.jpg,surprise
1999.jpg,fear
4639.jpg,neutral
3156.jpg,fear
2248.jpg,happy
3142.jpg,surprise
1755.jpg,happy
1033.jpg,sad
3624.jpg,neutral
2512.jpg,surprise
4163.jpg,contempt
4605.jpg,contempt
2274.jpg,fear
1769.jpg,happy
4611.jpg,uncertain
2260.jpg,anger
2506.jpg,happy
3618.jpg,anger
4177.jpg,sad
1190.jpg,disgust
404.jpg,anger
2499.jpg,uncertain
3787.jpg,surprise
4956.jpg,happy
362.jpg,neutral
376.jpg,neutral
4942.jpg,neutral
3793.jpg,contempt
410.jpg,sad
1184.jpg,contempt
3963.jpg,neutral
438.jpg,anger
1812.jpg,neutral
1806.jpg,disgust
3977.jpg,neutral
3744.jpg,anger
1153.jpg,anger
1635.jpg,neutral
4995.jpg,surprise
3022.jpg,neutral
4981.jpg,neutral
2328.jpg,surprise
3036.jpg,neutral
4759.jpg,sad
1621.jpg,anger
1147.jpg,neutral
3750.jpg,surprise
3988.jpg,fear
4017.jpg,anger
3778.jpg,happy
2466.jpg,happy
2300.jpg,surprise
4771.jpg,anger
1609.jpg,happy
389.jpg,anger
2314.jpg,neutral
4765.jpg,sad
4003.jpg,sad
2472.jpg,neutral
160.jpg,happy
3585.jpg,surprise
2843.jpg,fear
606.jpg,anger
1392.jpg,uncertain
1386.jpg,happy
612.jpg,fear
3591.jpg,anger
2857.jpg,fear
4598.jpg,neutral
174.jpg,anger
148.jpg,anger
3220.jpg,sad
1437.jpg,fear
1351.jpg,anger
2658.jpg,neutral
3546.jpg,anger
2880.jpg,sad
4229.jpg,surprise
3552.jpg,neutral
2894.jpg,disgust
809.jpg,surprise
1345.jpg,surprise
49.jpg,contempt
1423.jpg,happy
3234.jpg,happy
4573.jpg,sad
2102.jpg,neutral
2664.jpg,anger
4215.jpg,neutral
821.jpg,sad
61.jpg,neutral
835.jpg,neutral
1379.jpg,surprise
75.jpg,happy
2670.jpg,neutral
4201.jpg,sad
4567.jpg,surprise
3208.jpg,contempt
2116.jpg,surprise
3230.jpg,happy
1427.jpg,sad
1341.jpg,happy
3556.jpg,anger
4239.jpg,anger
2890.jpg,surprise
2648.jpg,disgust
3542.jpg,fear
2884.jpg,neutral
1355.jpg,surprise
59.jpg,contempt
819.jpg,happy
1433.jpg,anger
3224.jpg,contempt
2112.jpg,disgust
4563.jpg,anger
4205.jpg,sad
2674.jpg,anger
71.jpg,neutral
831.jpg,contempt
1369.jpg,disgust
65.jpg,disgust
825.jpg,disgust
4211.jpg,fear
2660.jpg,happy
2106.jpg,fear
4577.jpg,uncertain
3218.jpg,neutral
170.jpg,fear
3595.jpg,disgust
2853.jpg,neutral
616.jpg,anger
1382.jpg,anger
1396.jpg,fear
602.jpg,anger
3581.jpg,sad
2847.jpg,happy
4588.jpg,contempt
164.jpg,contempt
158.jpg,disgust
3754.jpg,neutral
1143.jpg,neutral
1625.jpg,neutral
3032.jpg,disgust
4985.jpg,neutral
3026.jpg,neutral
4749.jpg,surprise
2338.jpg,fear
4991.jpg,anger
1631.jpg,neutral
1157.jpg,surprise
3998.jpg,uncertain
3740.jpg,fear
2476.jpg,uncertain
4007.jpg,neutral
3768.jpg,surprise
4761.jpg,neutral
2310.jpg,surprise
1619.jpg,fear
399.jpg,anger
4775.jpg,neutral
2304.jpg,surprise
2462.jpg,surprise
4013.jpg,neutral
1180.jpg,surprise
414.jpg,anger
3797.jpg,disgust
2489.jpg,contempt
4946.jpg,happy
372.jpg,disgust
366.jpg,neutral
4952.jpg,fear
3783.jpg,uncertain
400.jpg,disgust
1194.jpg,neutral
3973.jpg,happy
428.jpg,happy
1802.jpg,anger
1816.jpg,surprise
3967.jpg,sad
3620.jpg,uncertain
1037.jpg,fear
1989.jpg,surprise
1751.jpg,neutral
2258.jpg,neutral
4629.jpg,fear
3146.jpg,anger
3152.jpg,neutral
1745.jpg,uncertain
1023.jpg,neutral
3634.jpg,anger
4173.jpg,happy
2502.jpg,neutral
2264.jpg,sad
4615.jpg,fear
1779.jpg,neutral
2270.jpg,disgust
4601.jpg,anger
3608.jpg,happy
4167.jpg,disgust
2516.jpg,surprise
560.jpg,surprise
3185.jpg,anger
4832.jpg,neutral
1792.jpg,neutral
206.jpg,contempt
212.jpg,fear
1786.jpg,fear
3191.jpg,anger
4826.jpg,anger
4198.jpg,surprise
574.jpg,anger
3807.jpg,neutral
1976.jpg,anger
1962.jpg,anger
548.jpg,sad
3813.jpg,happy
3344.jpg,surprise
1553.jpg,anger
979.jpg,sad
1235.jpg,neutral
3422.jpg,disgust
2728.jpg,fear
4359.jpg,happy
3436.jpg,fear
1221.jpg,anger
1547.jpg,disgust
3350.jpg,neutral
3378.jpg,neutral
4417.jpg,anger
2066.jpg,happy
2700.jpg,neutral
4371.jpg,fear
945.jpg,surprise
1209.jpg,neutral
951.jpg,surprise
789.jpg,fear
2714.jpg,anger
4365.jpg,happy
4403.jpg,anger
2072.jpg,neutral
1590.jpg,disgust
2099.jpg,contempt
3387.jpg,neutral
2927.jpg,neutral
762.jpg,fear
776.jpg,contempt
2933.jpg,surprise
3393.jpg,neutral
1584.jpg,neutral
986.jpg,neutral
992.jpg,fear
993.jpg,happy
987.jpg,fear
2932.jpg,anger
777.jpg,anger
1585.jpg,fear
3392.jpg,sad
3386.jpg,uncertain
2098.jpg,anger
1591.jpg,surprise
763.jpg,sad
2926.jpg,happy
4364.jpg,fear
2715.jpg,surprise
788.jpg,sad
950.jpg,neutral
2073.jpg,sad
4402.jpg,anger
2067.jpg,happy
4416.jpg,anger
3379.jpg,surprise
1208.jpg,fear
944.jpg,disgust
4370.jpg,happy
2701.jpg,neutral
1220.jpg,sad
3437.jpg,neutral
4358.jpg,happy
2729.jpg,surprise
3351.jpg,neutral
1546.jpg,disgust
1552.jpg,fear
3345.jpg,happy
3423.jpg,anger
1234.jpg,uncertain
978.jpg,sad
1963.jpg,surprise
3812.jpg,anger
549.jpg,uncertain
3806.jpg,surprise
1977.jpg,anger
4827.jpg,sad
3190.jpg,happy
1787.jpg,anger
213.jpg,neutral
575.jpg,neutral
4199.jpg,surprise
561.jpg,neutral
207.jpg,happy
1793.jpg,surprise
4833.jpg,uncertain
3184.jpg,anger
4600.jpg,neutral
2271.jpg,happy
1778.jpg,fear
2517.jpg,neutral
4166.jpg,surprise
3609.jpg,neutral
2503.jpg,uncertain
4172.jpg,surprise
4614.jpg,uncertain
2265.jpg,sad
1744.jpg,fear
3153.jpg,neutral
3635.jpg,neutral
1022.jpg,anger
1036.jpg,anger
3621.jpg,anger
3147.jpg,sad
4628.jpg,surprise
2259.jpg,surprise
1750.jpg,surprise
1988.jpg,anger
1817.jpg,surprise
3966.jpg,uncertain
429.jpg,anger
3972.jpg,contempt
1803.jpg,uncertain
4953.jpg,surprise
367.jpg,anger
1195.jpg,neutral
401.jpg,fear
3782.jpg,happy
2488.jpg,happy
3796.jpg,anger
415.jpg,surprise
1181.jpg,neutral
373.jpg,happy
4947.jpg,disgust
2305.jpg,happy
4774.jpg,neutral
398.jpg,fear
4012.jpg,uncertain
2463.jpg,happy
3769.jpg,fear
4006.jpg,anger
2477.jpg,anger
1618.jpg,anger
2311.jpg,neutral
4760.jpg,neutral
1630.jpg,neutral
4990.jpg,sad
2339.jpg,surprise
4748.jpg,disgust
3027.jpg,sad
3741.jpg,uncertain
3999.jpg,neutral
1156.jpg,anger
1142.jpg,disgust
3755.jpg,surprise
4984.jpg,uncertain
3033.jpg,disgust
1624.jpg,neutral
159.jpg,anger
2846.jpg,neutral
3580.jpg,contempt
603.jpg,anger
1397.jpg,uncertain
165.jpg,sad
4589.jpg,sad
171.jpg,anger
1383.jpg,surprise
617.jpg,neutral
2852.jpg,neutral
3594.jpg,happy
2661.jpg,sad
4210.jpg,uncertain
824.jpg,neutral
64.jpg,anger
1368.jpg,neutral
3219.jpg,contempt
4576.jpg,neutral
2107.jpg,surprise
4562.jpg,contempt
2113.jpg,happy
830.jpg,neutral
70.jpg,happy
2675.jpg,neutral
4204.jpg,neutral
818.jpg,uncertain
58.jpg,anger
1354.jpg,neutral
2885.jpg,disgust
3543.jpg,disgust
3225.jpg,neutral
1432.jpg,happy
1426.jpg,neutral
3231.jpg,sad
2649.jpg,happy
2891.jpg,neutral
4238.jpg,surprise
3557.jpg,contempt
1340.jpg,fear
1430.jpg,contempt
2139.jpg,neutral
4548.jpg,surprise
3227.jpg,sad
8.jpg,happy
3541.jpg,surprise
2887.jpg,happy
1356.jpg,disgust
1342.jpg,neutral
3555.jpg,neutral
2893.jpg,sad
3233.jpg,sad
1424.jpg,neutral
2105.jpg,uncertain
4574.jpg,happy
198.jpg,neutral
66.jpg,anger
826.jpg,happy
4212.jpg,disgust
2663.jpg,anger
3569.jpg,sad
4206.jpg,disgust
2677.jpg,disgust
72.jpg,anger
832.jpg,fear
1418.jpg,sad
2111.jpg,happy
4560.jpg,anger
167.jpg,fear
1395.jpg,anger
601.jpg,surprise
99.jpg,anger
3582.jpg,sad
2844.jpg,surprise
2688.jpg,sad
3596.jpg,anger
2850.jpg,neutral
615.jpg,contempt
1381.jpg,anger
173.jpg,disgust
2878.jpg,anger
629.jpg,anger
1154.jpg,happy
3743.jpg,anger
3025.jpg,fear
4992.jpg,neutral
1632.jpg,neutral
1626.jpg,anger
3031.jpg,neutral
4986.jpg,disgust
2449.jpg,anger
4038.jpg,sad
3757.jpg,neutral
1140.jpg,sad
2461.jpg,happy
4010.jpg,contempt
1168.jpg,contempt
3019.jpg,happy
4776.jpg,uncertain
2307.jpg,surprise
4762.jpg,contempt
2313.jpg,uncertain
2475.jpg,sad
4004.jpg,contempt
3780.jpg,neutral
3958.jpg,disgust
403.jpg,contempt
1197.jpg,fear
1829.jpg,fear
365.jpg,neutral
4951.jpg,neutral
4789.jpg,contempt
4945.jpg,fear
371.jpg,sad
1183.jpg,happy
417.jpg,fear
3794.jpg,disgust
3964.jpg,sad
1815.jpg,happy
359.jpg,happy
1801.jpg,neutral
4979.jpg,disgust
3970.jpg,disgust
1020.jpg,surprise
3637.jpg,fear
4158.jpg,neutral
2529.jpg,anger
3151.jpg,neutral
1746.jpg,sad
1752.jpg,anger
3145.jpg,fear
3623.jpg,happy
1034.jpg,surprise
4164.jpg,anger
2515.jpg,surprise
588.jpg,contempt
2273.jpg,surprise
4602.jpg,fear
2267.jpg,anger
4616.jpg,happy
3179.jpg,contempt
1008.jpg,neutral
4170.jpg,surprise
2501.jpg,happy
577.jpg,surprise
211.jpg,contempt
1785.jpg,disgust
3192.jpg,happy
4825.jpg,sad
3186.jpg,surprise
4831.jpg,neutral
2298.jpg,neutral
1791.jpg,disgust
205.jpg,happy
1949.jpg,neutral
563.jpg,uncertain
3838.jpg,neutral
3810.jpg,surprise
4819.jpg,neutral
1961.jpg,anger
239.jpg,anger
1975.jpg,anger
3804.jpg,fear
1544.jpg,uncertain
3353.jpg,surprise
3435.jpg,disgust
1222.jpg,sad
1236.jpg,uncertain
3421.jpg,neutral
3347.jpg,happy
4428.jpg,fear
2059.jpg,disgust
1550.jpg,fear
4400.jpg,neutral
2071.jpg,neutral
1578.jpg,happy
952.jpg,anger
2717.jpg,anger
4366.jpg,neutral
3409.jpg,surprise
2703.jpg,happy
4372.jpg,anger
946.jpg,sad
4414.jpg,fear
2065.jpg,fear
3390.jpg,anger
1587.jpg,uncertain
775.jpg,sad
2930.jpg,anger
4399.jpg,neutral
2924.jpg,anger
761.jpg,anger
1593.jpg,surprise
3384.jpg,surprise
749.jpg,anger
991.jpg,sad
985.jpg,happy
2918.jpg,uncertain
2919.jpg,neutral
984.jpg,neutral
990.jpg,neutral
748.jpg,sad
760.jpg,anger
2925.jpg,contempt
3385.jpg,uncertain
1592.jpg,surprise
1586.jpg,anger
3391.jpg,happy
4398.jpg,fear
2931.jpg,uncertain
774.jpg,fear
947.jpg,contempt
4373.jpg,surprise
2702.jpg,disgust
2064.jpg,contempt
4415.jpg,contempt
1579.jpg,fear
2070.jpg,disgust
4401.jpg,happy
3408.jpg,anger
4367.jpg,neutral
2716.jpg,fear
953.jpg,surprise
3420.jpg,surprise
1237.jpg,sad
1551.jpg,contempt
2058.jpg,sad
4429.jpg,neutral
3346.jpg,uncertain
3352.jpg,surprise
1545.jpg,surprise
1223.jpg,fear
3434.jpg,sad
1974.jpg,contempt
238.jpg,neutral
3805.jpg,disgust
3811.jpg,uncertain
1960.jpg,surprise
4818.jpg,uncertain
1948.jpg,uncertain
204.jpg,disgust
1790.jpg,neutral
2299.jpg,surprise
4830.jpg,fear
3187.jpg,uncertain
3839.jpg,surprise
562.jpg,anger
576.jpg,anger
4824.jpg,fear
3193.jpg,contempt
1784.jpg,happy
210.jpg,anger
3178.jpg,anger
4617.jpg,sad
2266.jpg,fear
2500.jpg,fear
4171.jpg,sad
1009.jpg,neutral
589.jpg,uncertain
2514.jpg,contempt
4165.jpg,neutral
4603.jpg,anger
2272.jpg,contempt
3144.jpg,uncertain
1753.jpg,surprise
1035.jpg,sad
3622.jpg,neutral
2528.jpg,uncertain
4159.jpg,disgust
3636.jpg,anger
1021.jpg,anger
1747.jpg,happy
3150.jpg,fear
4978.jpg,surprise
1800.jpg,disgust
3971.jpg,happy
3965.jpg,fear
358.jpg,disgust
1814.jpg,uncertain
370.jpg,surprise
4944.jpg,surprise
3795.jpg,fear
416.jpg,uncertain
1182.jpg,neutral
1196.jpg,disgust
402.jpg,contempt
3959.jpg,uncertain
3781.jpg,anger
4788.jpg,fear
4950.jpg,uncertain
364.jpg,anger
1828.jpg,disgust
2312.jpg,contempt
4763.jpg,anger
4005.jpg,sad
2474.jpg,surprise
1169.jpg,anger
4011.jpg,contempt
2460.jpg,surprise
2306.jpg,anger
4777.jpg,anger
3018.jpg,neutral
4987.jpg,anger
3030.jpg,neutral
1627.jpg,neutral
1141.jpg,fear
3756.jpg,happy
4039.jpg,anger
2448.jpg,anger
3742.jpg,anger
1155.jpg,disgust
1633.jpg,uncertain
4993.jpg,sad
3024.jpg,anger
628.jpg,neutral
2879.jpg,fear
1380.jpg,fear
614.jpg,happy
2851.jpg,contempt
3597.jpg,sad
2689.jpg,happy
172.jpg,uncertain
166.jpg,disgust
2845.jpg,surprise
3583.jpg,neutral
98.jpg,anger
600.jpg,neutral
1394.jpg,neutral
833.jpg,uncertain
73.jpg,disgust
2676.jpg,fear
4207.jpg,contempt
3568.jpg,neutral
4561.jpg,fear
2110.jpg,fear
1419.jpg,anger
199.jpg,surprise
4575.jpg,neutral
2104.jpg,neutral
2662.jpg,happy
4213.jpg,sad
827.jpg,neutral
67.jpg,happy
2892.jpg,surprise
3554.jpg,neutral
1343.jpg,anger
1425.jpg,neutral
3232.jpg,surprise
9.jpg,uncertain
3226.jpg,surprise
4549.jpg,surprise
2138.jpg,neutral
1431.jpg,sad
1357.jpg,happy
2886.jpg,anger
3540.jpg,disgust
2163.jpg,neutral
4512.jpg,surprise
4274.jpg,happy
2605.jpg,contempt
698.jpg,happy
840.jpg,uncertain
14.jpg,neutral
1318.jpg,neutral
854.jpg,anger
4260.jpg,sad
2611.jpg,neutral
2177.jpg,neutral
3269.jpg,surprise
4506.jpg,anger
3241.jpg,fear
1456.jpg,sad
1330.jpg,surprise
4248.jpg,anger
3527.jpg,fear
2639.jpg,uncertain
3533.jpg,neutral
28.jpg,uncertain
1324.jpg,neutral
868.jpg,surprise
1442.jpg,fear
3255.jpg,anger
883.jpg,anger
897.jpg,neutral
129.jpg,sad
1495.jpg,anger
101.jpg,fear
3282.jpg,contempt
2822.jpg,surprise
667.jpg,sad
673.jpg,neutral
2836.jpg,neutral
3296.jpg,uncertain
2188.jpg,sad
115.jpg,uncertain
1481.jpg,uncertain
2407.jpg,fear
3719.jpg,fear
4076.jpg,surprise
4710.jpg,anger
2361.jpg,surprise
1668.jpg,anger
4704.jpg,sad
2375.jpg,anger
2413.jpg,contempt
4062.jpg,neutral
3725.jpg,anger
1132.jpg,surprise
1654.jpg,neutral
3043.jpg,anger
4738.jpg,anger
3057.jpg,happy
2349.jpg,surprise
1640.jpg,surprise
1898.jpg,surprise
1126.jpg,surprise
3731.jpg,disgust
3902.jpg,uncertain
459.jpg,happy
1873.jpg,neutral
1867.jpg,anger
3916.jpg,uncertain
465.jpg,sad
4089.jpg,happy
4937.jpg,uncertain
3080.jpg,surprise
303.jpg,surprise
1697.jpg,sad
1683.jpg,contempt
317.jpg,surprise
4923.jpg,surprise
3094.jpg,happy
471.jpg,sad
4102.jpg,disgust
2573.jpg,fear
2215.jpg,surprise
4664.jpg,surprise
288.jpg,happy
1708.jpg,sad
2201.jpg,fear
4670.jpg,happy
4116.jpg,neutral
3679.jpg,anger
2567.jpg,contempt
3651.jpg,uncertain
3889.jpg,sad
1046.jpg,anger
1720.jpg,contempt
2229.jpg,anger
4880.jpg,neutral
3137.jpg,disgust
4658.jpg,neutral
4894.jpg,uncertain
3123.jpg,happy
1734.jpg,neutral
1052.jpg,neutral
3645.jpg,happy
3876.jpg,disgust
1907.jpg,neutral
1913.jpg,fear
539.jpg,fear
3862.jpg,happy
511.jpg,neutral
1085.jpg,surprise
3692.jpg,disgust
4843.jpg,sad
277.jpg,neutral
263.jpg,fear
4857.jpg,anger
2598.jpg,surprise
3686.jpg,anger
1091.jpg,fear
505.jpg,neutral
4466.jpg,surprise
3309.jpg,sad
2017.jpg,neutral
2771.jpg,sad
4300.jpg,neutral
934.jpg,happy
1278.jpg,happy
920.jpg,neutral
2765.jpg,fear
4314.jpg,uncertain
4472.jpg,contempt
2003.jpg,neutral
3335.jpg,neutral
1522.jpg,anger
908.jpg,sad
1244.jpg,happy
3453.jpg,uncertain
2995.jpg,happy
2759.jpg,anger
3447.jpg,surprise
4328.jpg,anger
2981.jpg,sad
1250.jpg,neutral
1536.jpg,happy
3321.jpg,surprise
4499.jpg,happy
3490.jpg,fear
2956.jpg,fear
1287.jpg,neutral
713.jpg,uncertain
707.jpg,contempt
1293.jpg,surprise
3484.jpg,neutral
2942.jpg,surprise
2943.jpg,sad
3485.jpg,happy
1292.jpg,fear
706.jpg,surprise
4498.jpg,neutral
712.jpg,anger
1286.jpg,fear
2957.jpg,anger
3491.jpg,disgust
1251.jpg,sad
2980.jpg,surprise
4329.jpg,surprise
3446.jpg,happy
2758.jpg,happy
3320.jpg,sad
1537.jpg,fear
1523.jpg,contempt
3334.jpg,sad
2994.jpg,contempt
3452.jpg,disgust
1245.jpg,surprise
909.jpg,anger
4315.jpg,happy
2764.jpg,neutral
921.jpg,anger
2002.jpg,neutral
4473.jpg,anger
2016.jpg,anger
3308.jpg,anger
4467.jpg,uncertain
1279.jpg,surprise
935.jpg,neutral
4301.jpg,neutral
2770.jpg,neutral
4856.jpg,uncertain
262.jpg,uncertain
504.jpg,fear
1090.jpg,happy
3687.jpg,disgust
2599.jpg,fear
3693.jpg,happy
1084.jpg,neutral
510.jpg,surprise
276.jpg,fear
4842.jpg,sad
1912.jpg,surprise
3863.jpg,sad
538.jpg,neutral
3877.jpg,surprise
1906.jpg,anger
1735.jpg,uncertain
3122.jpg,anger
4895.jpg,anger
3644.jpg,anger
1053.jpg,neutral
1047.jpg,neutral
3888.jpg,happy
3650.jpg,happy
4659.jpg,sad
3136.jpg,happy
4881.jpg,anger
2228.jpg,neutral
1721.jpg,uncertain
4671.jpg,anger
2200.jpg,disgust
1709.jpg,sad
2566.jpg,anger
3678.jpg,surprise
4117.jpg,surprise
2572.jpg,neutral
4103.jpg,fear
289.jpg,anger
4665.jpg,anger
2214.jpg,neutral
3095.jpg,anger
4922.jpg,happy
316.jpg,fear
1682.jpg,sad
470.jpg,surprise
4088.jpg,uncertain
464.jpg,neutral
1696.jpg,happy
302.jpg,anger
3081.jpg,surprise
4936.jpg,anger
1866.jpg,happy
3917.jpg,neutral
458.jpg,sad
3903.jpg,happy
1872.jpg,neutral
1899.jpg,fear
1641.jpg,surprise
2348.jpg,uncertain
3056.jpg,anger
4739.jpg,sad
3730.jpg,uncertain
1127.jpg,neutral
1133.jpg,anger
3724.jpg,neutral
3042.jpg,disgust
1655.jpg,fear
2374.jpg,happy
4705.jpg,sad
4063.jpg,anger
2412.jpg,surprise
4077.jpg,sad
3718.jpg,surprise
2406.jpg,fear
1669.jpg,neutral
2360.jpg,anger
4711.jpg,anger
2837.jpg,anger
672.jpg,anger
1480.jpg,anger
114.jpg,happy
2189.jpg,anger
3297.jpg,fear
3283.jpg,neutral
100.jpg,fear
1494.jpg,anger
666.jpg,neutral
2823.jpg,sad
896.jpg,happy
128.jpg,sad
882.jpg,neutral
869.jpg,uncertain
1325.jpg,surprise
29.jpg,anger
3532.jpg,contempt
3254.jpg,surprise
1443.jpg,uncertain
1457.jpg,neutral
3240.jpg,anger
2638.jpg,uncertain
3526.jpg,happy
4249.jpg,anger
1331.jpg,sad
2610.jpg,disgust
4261.jpg,happy
855.jpg,sad
1319.jpg,contempt
15.jpg,neutral
4507.jpg,anger
3268.jpg,neutral
2176.jpg,fear
4513.jpg,disgust
2162.jpg,happy
841.jpg,neutral
699.jpg,anger
2604.jpg,neutral
4275.jpg,contempt
2174.jpg,fear
4505.jpg,disgust
17.jpg,uncertain
857.jpg,anger
4263.jpg,uncertain
2612.jpg,sad
4277.jpg,uncertain
3518.jpg,disgust
2606.jpg,neutral
843.jpg,contempt
1469.jpg,contempt
2160.jpg,neutral
4511.jpg,disgust
1441.jpg,disgust
2148.jpg,surprise
3256.jpg,contempt
4539.jpg,uncertain
3530.jpg,anger
1327.jpg,contempt
1333.jpg,happy
3524.jpg,happy
3242.jpg,happy
1455.jpg,anger
2809.jpg,neutral
894.jpg,uncertain
880.jpg,fear
658.jpg,uncertain
3295.jpg,anger
116.jpg,contempt
1482.jpg,uncertain
670.jpg,surprise
2835.jpg,fear
2821.jpg,sad
4288.jpg,anger
664.jpg,happy
1496.jpg,fear
102.jpg,happy
3281.jpg,fear
2410.jpg,surprise
4061.jpg,neutral
1119.jpg,surprise
4707.jpg,contempt
3068.jpg,happy
2376.jpg,anger
4713.jpg,anger
2362.jpg,happy
499.jpg,sad
2404.jpg,fear
4075.jpg,uncertain
1125.jpg,anger
3732.jpg,neutral
3054.jpg,surprise
1643.jpg,contempt
1657.jpg,disgust
3040.jpg,anger
2438.jpg,disgust
3726.jpg,fear
4049.jpg,surprise
1131.jpg,uncertain
3915.jpg,anger
1864.jpg,surprise
328.jpg,surprise
1870.jpg,disgust
4908.jpg,sad
3901.jpg,happy
3929.jpg,neutral
472.jpg,anger
1858.jpg,happy
1680.jpg,neutral
314.jpg,fear
4920.jpg,anger
2389.jpg,contempt
3097.jpg,neutral
4934.jpg,happy
3083.jpg,fear
300.jpg,fear
1694.jpg,neutral
466.jpg,neutral
4115.jpg,neutral
2564.jpg,happy
2202.jpg,sad
4673.jpg,happy
2216.jpg,fear
3108.jpg,sad
4667.jpg,neutral
1079.jpg,happy
4101.jpg,contempt
2570.jpg,surprise
1051.jpg,surprise
4129.jpg,uncertain
3646.jpg,happy
2558.jpg,sad
4897.jpg,neutral
3120.jpg,surprise
1737.jpg,anger
1723.jpg,uncertain
4883.jpg,surprise
3134.jpg,uncertain
3652.jpg,anger
1045.jpg,happy
3861.jpg,happy
4868.jpg,contempt
1910.jpg,anger
248.jpg,neutral
1904.jpg,fear
3875.jpg,sad
3685.jpg,neutral
1092.jpg,anger
506.jpg,fear
260.jpg,sad
4854.jpg,sad
4698.jpg,neutral
4840.jpg,neutral
274.jpg,happy
1938.jpg,fear
512.jpg,contempt
1086.jpg,anger
3849.jpg,sad
3691.jpg,surprise
4471.jpg,fear
2000.jpg,fear
1509.jpg,fear
923.jpg,contempt
2766.jpg,sad
3478.jpg,sad
4317.jpg,happy
2772.jpg,fear
4303.jpg,contempt
937.jpg,sad
4465.jpg,disgust
2014.jpg,uncertain
1535.jpg,neutral
3322.jpg,surprise
3444.jpg,neutral
2982.jpg,anger
1253.jpg,contempt
1247.jpg,neutral
3450.jpg,surprise
2996.jpg,anger
4459.jpg,uncertain
3336.jpg,disgust
2028.jpg,anger
1521.jpg,uncertain
738.jpg,sad
2969.jpg,disgust
704.jpg,uncertain
1290.jpg,neutral
3487.jpg,disgust
2941.jpg,neutral
2799.jpg,anger
3493.jpg,neutral
2955.jpg,anger
1284.jpg,fear
710.jpg,surprise
711.jpg,fear
1285.jpg,neutral
2954.jpg,neutral
3492.jpg,surprise
2798.jpg,uncertain
2940.jpg,happy
3486.jpg,happy
1291.jpg,sad
705.jpg,sad
2968.jpg,fear
739.jpg,neutral
2997.jpg,neutral
3451.jpg,fear
1246.jpg,sad
1520.jpg,neutral
2029.jpg,surprise
3337.jpg,sad
4458.jpg,sad
3323.jpg,happy
1534.jpg,contempt
1252.jpg,uncertain
2983.jpg,anger
3445.jpg,anger
936.jpg,surprise
4302.jpg,fear
2773.jpg,sad
2015.jpg,anger
4464.jpg,surprise
1508.jpg,surprise
2001.jpg,disgust
4470.jpg,happy
4316.jpg,sad
3479.jpg,neutral
2767.jpg,surprise
922.jpg,disgust
1939.jpg,anger
275.jpg,sad
4841.jpg,neutral
4699.jpg,happy
3690.jpg,sad
3848.jpg,disgust
1087.jpg,anger
513.jpg,fear
507.jpg,neutral
1093.jpg,anger
3684.jpg,fear
4855.jpg,surprise
261.jpg,happy
1905.jpg,surprise
249.jpg,uncertain
3874.jpg,neutral
3860.jpg,neutral
1911.jpg,contempt
4869.jpg,sad
3135.jpg,sad
4882.jpg,surprise
1722.jpg,fear
1044.jpg,anger
3653.jpg,fear
2559.jpg,happy
3647.jpg,surprise
4128.jpg,contempt
1050.jpg,happy
1736.jpg,fear
3121.jpg,contempt
4896.jpg,fear
4666.jpg,neutral
3109.jpg,contempt
2217.jpg,surprise
2571.jpg,uncertain
4100.jpg,neutral
1078.jpg,surprise
2565.jpg,neutral
4114.jpg,sad
4672.jpg,disgust
2203.jpg,fear
1695.jpg,surprise
301.jpg,fear
3082.jpg,fear
4935.jpg,surprise
467.jpg,anger
473.jpg,neutral
3928.jpg,neutral
3096.jpg,happy
2388.jpg,neutral
4921.jpg,surprise
315.jpg,neutral
1681.jpg,anger
1859.jpg,fear
4909.jpg,anger
1871.jpg,neutral
3900.jpg,neutral
3914.jpg,neutral
329.jpg,surprise
1865.jpg,anger
3041.jpg,disgust
1656.jpg,neutral
1130.jpg,sad
4048.jpg,fear
3727.jpg,uncertain
2439.jpg,sad
3733.jpg,sad
1124.jpg,neutral
1642.jpg,anger
3055.jpg,fear
2363.jpg,sad
4712.jpg,neutral
4074.jpg,happy
2405.jpg,neutral
498.jpg,fear
1118.jpg,anger
4060.jpg,uncertain
2411.jpg,happy
2377.jpg,neutral
3069.jpg,surprise
4706.jpg,anger
665.jpg,neutral
4289.jpg,fear
2820.jpg,happy
3280.jpg,fear
103.jpg,surprise
1497.jpg,happy
1483.jpg,uncertain
117.jpg,happy
3294.jpg,anger
2834.jpg,neutral
671.jpg,anger
659.jpg,disgust
881.jpg,neutral
895.jpg,sad
2808.jpg,fear
3525.jpg,surprise
1332.jpg,anger
1454.jpg,uncertain
3243.jpg,neutral
4538.jpg,neutral
3257.jpg,surprise
2149.jpg,contempt
1440.jpg,fear
1326.jpg,anger
3531.jpg,fear
842.jpg,surprise
2607.jpg,sad
3519.jpg,disgust
4276.jpg,sad
4510.jpg,anger
2161.jpg,anger
1468.jpg,anger
4504.jpg,neutral
2175.jpg,happy
2613.jpg,neutral
4262.jpg,fear
856.jpg,fear
16.jpg,neutral
3535.jpg,anger
1322.jpg,uncertain
1444.jpg,happy
3253.jpg,sad
2159.jpg,neutral
4528.jpg,uncertain
3247.jpg,sad
1450.jpg,fear
1336.jpg,disgust
3521.jpg,anger
12.jpg,contempt
852.jpg,disgust
3509.jpg,neutral
4266.jpg,sad
2617.jpg,happy
2171.jpg,contempt
4500.jpg,disgust
1478.jpg,uncertain
2165.jpg,anger
4514.jpg,sad
4272.jpg,surprise
2603.jpg,surprise
846.jpg,happy
675.jpg,sad
2830.jpg,fear
4299.jpg,surprise
3290.jpg,surprise
113.jpg,neutral
1487.jpg,sad
1493.jpg,neutral
107.jpg,disgust
3284.jpg,neutral
2824.jpg,disgust
661.jpg,anger
891.jpg,anger
649.jpg,surprise
885.jpg,fear
2818.jpg,fear
3051.jpg,contempt
1646.jpg,happy
1120.jpg,disgust
2429.jpg,neutral
4058.jpg,neutral
3737.jpg,contempt
3723.jpg,happy
1134.jpg,surprise
1652.jpg,disgust
3045.jpg,neutral
4702.jpg,happy
2373.jpg,sad
2415.jpg,fear
4064.jpg,surprise
488.jpg,anger
1108.jpg,fear
2401.jpg,disgust
4070.jpg,sad
3079.jpg,anger
4716.jpg,anger
2367.jpg,contempt
1685.jpg,disgust
311.jpg,neutral
4925.jpg,neutral
3092.jpg,uncertain
477.jpg,sad
463.jpg,anger
3938.jpg,happy
4931.jpg,neutral
2398.jpg,happy
3086.jpg,disgust
1849.jpg,fear
305.jpg,surprise
1691.jpg,surprise
4919.jpg,anger
1861.jpg,uncertain
3910.jpg,happy
3904.jpg,contempt
1875.jpg,fear
339.jpg,surprise
4892.jpg,anger
3125.jpg,neutral
1732.jpg,neutral
1054.jpg,neutral
3643.jpg,disgust
3657.jpg,anger
4138.jpg,uncertain
2549.jpg,surprise
1040.jpg,neutral
1726.jpg,disgust
4886.jpg,surprise
3131.jpg,surprise
2207.jpg,disgust
4676.jpg,surprise
3119.jpg,surprise
4110.jpg,surprise
2561.jpg,surprise
1068.jpg,surprise
4104.jpg,sad
2575.jpg,surprise
2213.jpg,neutral
4662.jpg,surprise
265.jpg,sad
1929.jpg,anger
4689.jpg,fear
4851.jpg,happy
3858.jpg,neutral
3680.jpg,surprise
1097.jpg,contempt
503.jpg,neutral
517.jpg,anger
1083.jpg,anger
3694.jpg,surprise
4845.jpg,happy
271.jpg,anger
259.jpg,anger
1915.jpg,happy
3864.jpg,neutral
3870.jpg,happy
1901.jpg,contempt
4879.jpg,surprise
2987.jpg,contempt
3441.jpg,contempt
1256.jpg,surprise
1530.jpg,happy
3327.jpg,uncertain
4448.jpg,sad
2039.jpg,fear
3333.jpg,neutral
1524.jpg,fear
1242.jpg,uncertain
2993.jpg,disgust
3455.jpg,fear
926.jpg,fear
2763.jpg,surprise
4312.jpg,anger
4474.jpg,neutral
2005.jpg,contempt
1518.jpg,neutral
4460.jpg,sad
2011.jpg,disgust
2777.jpg,surprise
4306.jpg,sad
3469.jpg,anger
932.jpg,anger
701.jpg,fear
1295.jpg,uncertain
2944.jpg,sad
3482.jpg,fear
2950.jpg,contempt
3496.jpg,happy
2788.jpg,sad
1281.jpg,surprise
715.jpg,happy
2978.jpg,sad
729.jpg,neutral
728.jpg,neutral
2979.jpg,surprise
714.jpg,disgust
1280.jpg,uncertain
2789.jpg,neutral
3497.jpg,surprise
2951.jpg,happy
3483.jpg,contempt
2945.jpg,happy
1294.jpg,fear
700.jpg,neutral
2010.jpg,anger
4461.jpg,contempt
1519.jpg,anger
933.jpg,neutral
3468.jpg,neutral
4307.jpg,uncertain
2776.jpg,neutral
4313.jpg,neutral
2762.jpg,neutral
927.jpg,uncertain
2004.jpg,anger
4475.jpg,neutral
1525.jpg,disgust
3332.jpg,anger
3454.jpg,anger
2992.jpg,happy
1243.jpg,fear
1257.jpg,neutral
3440.jpg,neutral
2986.jpg,sad
2038.jpg,neutral
4449.jpg,disgust
3326.jpg,surprise
1531.jpg,neutral
3871.jpg,anger
4878.jpg,uncertain
1900.jpg,surprise
1914.jpg,surprise
258.jpg,anger
3865.jpg,disgust
3695.jpg,anger
1082.jpg,anger
516.jpg,uncertain
270.jpg,anger
4844.jpg,anger
4850.jpg,sad
4688.jpg,neutral
1928.jpg,sad
264.jpg,sad
502.jpg,anger
1096.jpg,neutral
3681.jpg,anger
3859.jpg,uncertain
2574.jpg,anger
4105.jpg,sad
4663.jpg,happy
2212.jpg,anger
3118.jpg,anger
4677.jpg,happy
2206.jpg,neutral
1069.jpg,sad
2560.jpg,surprise
4111.jpg,neutral
1041.jpg,happy
2548.jpg,surprise
4139.jpg,contempt
3656.jpg,contempt
3130.jpg,sad
4887.jpg,fear
1727.jpg,surprise
1733.jpg,surprise
3124.jpg,fear
4893.jpg,contempt
3642.jpg,disgust
1055.jpg,surprise
3905.jpg,neutral
338.jpg,uncertain
1874.jpg,anger
1860.jpg,happy
4918.jpg,happy
3911.jpg,surprise
3939.jpg,surprise
462.jpg,surprise
1690.jpg,contempt
304.jpg,neutral
1848.jpg,happy
3087.jpg,contempt
2399.jpg,neutral
4930.jpg,uncertain
3093.jpg,anger
4924.jpg,uncertain
310.jpg,sad
1684.jpg,anger
476.jpg,sad
4071.jpg,neutral
2400.jpg,contempt
1109.jpg,anger
2366.jpg,disgust
4717.jpg,sad
3078.jpg,uncertain
2372.jpg,surprise
4703.jpg,anger
489.jpg,anger
4065.jpg,surprise
2414.jpg,sad
1135.jpg,surprise
3722.jpg,uncertain
3044.jpg,uncertain
1653.jpg,anger
1647.jpg,fear
3050.jpg,surprise
3736.jpg,surprise
4059.jpg,sad
2428.jpg,surprise
1121.jpg,fear
2819.jpg,surprise
884.jpg,anger
648.jpg,contempt
890.jpg,neutral
3285.jpg,sad
106.jpg,uncertain
1492.jpg,fear
660.jpg,disgust
2825.jpg,surprise
4298.jpg,neutral
2831.jpg,uncertain
674.jpg,anger
1486.jpg,sad
112.jpg,surprise
3291.jpg,neutral
4515.jpg,contempt
2164.jpg,sad
847.jpg,uncertain
2602.jpg,surprise
4273.jpg,anger
2616.jpg,disgust
4267.jpg,happy
3508.jpg,neutral
853.jpg,sad
13.jpg,contempt
1479.jpg,surprise
4501.jpg,fear
2170.jpg,sad
1451.jpg,fear
3246.jpg,happy
4529.jpg,fear
2158.jpg,neutral
3520.jpg,uncertain
1337.jpg,surprise
1323.jpg,neutral
3534.jpg,fear
3252.jpg,happy
1445.jpg,uncertain
1335.jpg,neutral
39.jpg,contempt
879.jpg,neutral
3522.jpg,contempt
3244.jpg,neutral
1453.jpg,fear
1447.jpg,neutral
3250.jpg,sad
3536.jpg,sad
4259.jpg,neutral
2628.jpg,neutral
1321.jpg,neutral
4271.jpg,sad
2600.jpg,happy
1309.jpg,contempt
845.jpg,neutral
2166.jpg,uncertain
4517.jpg,disgust
3278.jpg,anger
2172.jpg,anger
4503.jpg,neutral
689.jpg,neutral
11.jpg,anger
851.jpg,anger
4265.jpg,anger
2614.jpg,anger
2827.jpg,fear
662.jpg,surprise
1490.jpg,sad
104.jpg,surprise
3287.jpg,fear
2199.jpg,uncertain
3293.jpg,happy
110.jpg,fear
1484.jpg,disgust
676.jpg,neutral
2833.jpg,surprise
886.jpg,surprise
138.jpg,uncertain
892.jpg,surprise
1651.jpg,contempt
1889.jpg,happy
3046.jpg,surprise
4729.jpg,contempt
2358.jpg,surprise
3720.jpg,neutral
1137.jpg,contempt
1123.jpg,anger
3734.jpg,disgust
3052.jpg,uncertain
1645.jpg,contempt
4715.jpg,fear
2364.jpg,neutral
2402.jpg,happy
4073.jpg,neutral
2416.jpg,happy
4067.jpg,contempt
3708.jpg,fear
1679.jpg,neutral
4701.jpg,fear
2370.jpg,disgust
4932.jpg,uncertain
3085.jpg,disgust
306.jpg,surprise
1692.jpg,happy
460.jpg,sad
4098.jpg,contempt
474.jpg,anger
1686.jpg,anger
312.jpg,neutral
4926.jpg,anger
3091.jpg,happy
1876.jpg,anger
3907.jpg,disgust
448.jpg,fear
3913.jpg,surprise
1862.jpg,disgust
1725.jpg,fear
4885.jpg,neutral
3132.jpg,contempt
3654.jpg,surprise
1043.jpg,fear
1057.jpg,uncertain
3640.jpg,anger
3898.jpg,neutral
2238.jpg,anger
4891.jpg,surprise
4649.jpg,anger
3126.jpg,happy
1731.jpg,surprise
2210.jpg,disgust
4661.jpg,surprise
1719.jpg,surprise
3668.jpg,anger
4107.jpg,anger
2576.jpg,neutral
4113.jpg,disgust
2562.jpg,surprise
299.jpg,disgust
2204.jpg,neutral
4675.jpg,disgust
4846.jpg,sad
272.jpg,surprise
514.jpg,neutral
1080.jpg,anger
2589.jpg,fear
3697.jpg,neutral
3683.jpg,neutral
1094.jpg,disgust
500.jpg,uncertain
266.jpg,neutral
4852.jpg,anger
1902.jpg,anger
3873.jpg,happy
528.jpg,sad
3867.jpg,uncertain
1916.jpg,contempt
1241.jpg,anger
2748.jpg,anger
4339.jpg,anger
2990.jpg,disgust
3456.jpg,happy
3330.jpg,surprise
1527.jpg,anger
1533.jpg,happy
3324.jpg,anger
2984.jpg,fear
3442.jpg,surprise
919.jpg,anger
1255.jpg,neutral
2774.jpg,happy
4305.jpg,disgust
931.jpg,surprise
4463.jpg,uncertain
2012.jpg,happy
3318.jpg,surprise
4477.jpg,surprise
2006.jpg,fear
925.jpg,sad
1269.jpg,anger
2760.jpg,anger
4311.jpg,anger
2953.jpg,happy
3495.jpg,contempt
1282.jpg,anger
716.jpg,sad
4488.jpg,happy
702.jpg,sad
1296.jpg,anger
2947.jpg,neutral
3481.jpg,neutral
4489.jpg,uncertain
3480.jpg,fear
2946.jpg,contempt
1297.jpg,surprise
703.jpg,neutral
717.jpg,anger
1283.jpg,surprise
3494.jpg,surprise
2952.jpg,sad
2007.jpg,neutral
4476.jpg,fear
3319.jpg,sad
4310.jpg,anger
2761.jpg,neutral
1268.jpg,uncertain
924.jpg,neutral
930.jpg,fear
4304.jpg,fear
2775.jpg,sad
2013.jpg,contempt
4462.jpg,happy
3325.jpg,disgust
1532.jpg,anger
1254.jpg,fear
918.jpg,uncertain
3443.jpg,uncertain
2985.jpg,surprise
3457.jpg,disgust
2991.jpg,fear
4338.jpg,sad
2749.jpg,neutral
1240.jpg,neutral
1526.jpg,uncertain
3331.jpg,uncertain
3866.jpg,surprise
1917.jpg,sad
1903.jpg,surprise
529.jpg,fear
3872.jpg,uncertain
501.jpg,neutral
1095.jpg,anger
3682.jpg,anger
4853.jpg,uncertain
267.jpg,neutral
273.jpg,anger
4847.jpg,disgust
3696.jpg,sad
2588.jpg,anger
1081.jpg,surprise
515.jpg,disgust
2563.jpg,neutral
4112.jpg,sad
4674.jpg,neutral
2205.jpg,surprise
298.jpg,surprise
1718.jpg,contempt
4660.jpg,neutral
2211.jpg,sad
2577.jpg,neutral
4106.jpg,contempt
3669.jpg,sad
3899.jpg,anger
3641.jpg,contempt
1056.jpg,contempt
1730.jpg,contempt
3127.jpg,surprise
4648.jpg,contempt
4890.jpg,anger
2239.jpg,anger
3133.jpg,uncertain
4884.jpg,sad
1724.jpg,happy
1042.jpg,anger
3655.jpg,surprise
3912.jpg,sad
449.jpg,disgust
1863.jpg,neutral
1877.jpg,uncertain
3906.jpg,sad
475.jpg,neutral
4099.jpg,fear
3090.jpg,fear
4927.jpg,contempt
313.jpg,surprise
1687.jpg,neutral
1693.jpg,fear
307.jpg,neutral
3084.jpg,neutral
4933.jpg,neutral
461.jpg,anger
3709.jpg,sad
4066.jpg,sad
2417.jpg,neutral
2371.jpg,disgust
4700.jpg,fear
1678.jpg,happy
2365.jpg,sad
4714.jpg,anger
4072.jpg,sad
2403.jpg,fear
3735.jpg,neutral
1122.jpg,surprise
1644.jpg,disgust
3053.jpg,surprise
2359.jpg,neutral
4728.jpg,uncertain
3047.jpg,surprise
1888.jpg,anger
1650.jpg,fear
1136.jpg,neutral
3721.jpg,anger
893.jpg,neutral
887.jpg,neutral
139.jpg,anger
1485.jpg,contempt
111.jpg,disgust
3292.jpg,sad
2832.jpg,sad
677.jpg,fear
663.jpg,anger
2826.jpg,disgust
2198.jpg,neutral
3286.jpg,surprise
105.jpg,anger
1491.jpg,anger
4502.jpg,anger
2173.jpg,happy
2615.jpg,fear
4264.jpg,anger
850.jpg,fear
10.jpg,anger
688.jpg,surprise
844.jpg,anger
1308.jpg,contempt
2601.jpg,happy
4270.jpg,neutral
3279.jpg,contempt
4516.jpg,happy
2167.jpg,surprise
3251.jpg,happy
1446.jpg,anger
1320.jpg,sad
2629.jpg,fear
4258.jpg,disgust
3537.jpg,disgust
3523.jpg,sad
878.jpg,fear
38.jpg,surprise
1334.jpg,fear
1452.jpg,disgust
3245.jpg,anger
2142.jpg,neutral
4533.jpg,neutral
21.jpg,neutral
861.jpg,sad
4255.jpg,anger
2624.jpg,anger
4241.jpg,uncertain
2630.jpg,fear
35.jpg,neutral
1339.jpg,fear
875.jpg,surprise
2156.jpg,surprise
3248.jpg,anger
4527.jpg,neutral
1477.jpg,contempt
3260.jpg,neutral
4269.jpg,uncertain
3506.jpg,contempt
2618.jpg,surprise
685.jpg,surprise
1311.jpg,anger
1305.jpg,surprise
691.jpg,anger
849.jpg,neutral
3512.jpg,sad
3274.jpg,neutral
1463.jpg,fear
1488.jpg,neutral
2181.jpg,disgust
4296.jpg,anger
4282.jpg,fear
2195.jpg,contempt
108.jpg,neutral
120.jpg,uncertain
646.jpg,neutral
2803.jpg,contempt
2817.jpg,happy
652.jpg,uncertain
134.jpg,surprise
2426.jpg,happy
3738.jpg,fear
4057.jpg,neutral
1649.jpg,sad
1891.jpg,disgust
4731.jpg,uncertain
2340.jpg,neutral
4725.jpg,disgust
2354.jpg,fear
1885.jpg,fear
2432.jpg,sad
4043.jpg,fear
1113.jpg,disgust
487.jpg,surprise
3704.jpg,neutral
3062.jpg,sad
1675.jpg,surprise
1661.jpg,contempt
4719.jpg,anger
3076.jpg,disgust
2368.jpg,disgust
3710.jpg,neutral
493.jpg,neutral
1107.jpg,happy
478.jpg,contempt
4094.jpg,neutral
3923.jpg,surprise
2383.jpg,sad
1852.jpg,sad
1846.jpg,surprise
2397.jpg,surprise
3089.jpg,surprise
4080.jpg,neutral
3937.jpg,anger
444.jpg,fear
322.jpg,happy
4916.jpg,neutral
4902.jpg,sad
336.jpg,contempt
450.jpg,neutral
4123.jpg,uncertain
2552.jpg,anger
3894.jpg,sad
2234.jpg,surprise
4645.jpg,anger
4889.jpg,surprise
2220.jpg,anger
4651.jpg,uncertain
1729.jpg,uncertain
4137.jpg,surprise
3658.jpg,neutral
2546.jpg,contempt
3880.jpg,uncertain
1067.jpg,neutral
3670.jpg,surprise
2208.jpg,sad
3116.jpg,anger
4679.jpg,surprise
1701.jpg,sad
295.jpg,anger
281.jpg,disgust
1715.jpg,anger
3102.jpg,surprise
3664.jpg,neutral
1073.jpg,contempt
1098.jpg,anger
2591.jpg,anger
3857.jpg,surprise
4686.jpg,surprise
1926.jpg,anger
1932.jpg,surprise
4692.jpg,anger
2585.jpg,disgust
3843.jpg,anger
518.jpg,anger
530.jpg,neutral
256.jpg,sad
4862.jpg,contempt
4876.jpg,neutral
242.jpg,sad
524.jpg,happy
4447.jpg,surprise
3328.jpg,uncertain
2036.jpg,surprise
915.jpg,neutral
1259.jpg,anger
2750.jpg,fear
2988.jpg,happy
4321.jpg,happy
2744.jpg,neutral
4335.jpg,anger
901.jpg,sad
4453.jpg,uncertain
2022.jpg,neutral
1503.jpg,anger
3314.jpg,happy
3472.jpg,uncertain
929.jpg,fear
1265.jpg,happy
1271.jpg,sad
2778.jpg,anger
3466.jpg,anger
4309.jpg,anger
3300.jpg,fear
1517.jpg,disgust
4484.jpg,neutral
2793.jpg,anger
3499.jpg,fear
2787.jpg,sad
4490.jpg,anger
732.jpg,surprise
2977.jpg,sad
2963.jpg,surprise
726.jpg,happy
727.jpg,uncertain
2962.jpg,sad
2976.jpg,disgust
733.jpg,uncertain
2786.jpg,happy
3498.jpg,fear
4491.jpg,surprise
4485.jpg,fear
2792.jpg,sad
4308.jpg,surprise
3467.jpg,surprise
2779.jpg,contempt
1270.jpg,contempt
1516.jpg,anger
3301.jpg,neutral
3315.jpg,neutral
1502.jpg,uncertain
1264.jpg,disgust
928.jpg,happy
3473.jpg,contempt
900.jpg,neutral
4334.jpg,surprise
2745.jpg,uncertain
2023.jpg,uncertain
4452.jpg,anger
2037.jpg,surprise
3329.jpg,surprise
4446.jpg,neutral
4320.jpg,neutral
2989.jpg,disgust
2751.jpg,anger
1258.jpg,surprise
914.jpg,fear
243.jpg,surprise
4877.jpg,neutral
525.jpg,neutral
531.jpg,disgust
4863.jpg,uncertain
257.jpg,happy
4693.jpg,contempt
1933.jpg,surprise
519.jpg,surprise
3842.jpg,anger
2584.jpg,fear
3856.jpg,neutral
2590.jpg,anger
1099.jpg,fear
1927.jpg,contempt
4687.jpg,anger
3103.jpg,surprise
1714.jpg,happy
280.jpg,surprise
1072.jpg,surprise
3665.jpg,disgust
3671.jpg,sad
1066.jpg,contempt
294.jpg,neutral
1700.jpg,happy
4678.jpg,surprise
3117.jpg,happy
2209.jpg,sad
1728.jpg,anger
4650.jpg,anger
2221.jpg,neutral
4888.jpg,anger
3881.jpg,anger
2547.jpg,contempt
3659.jpg,anger
4136.jpg,neutral
3895.jpg,neutral
2553.jpg,anger
4122.jpg,fear
4644.jpg,sad
2235.jpg,neutral
337.jpg,anger
4903.jpg,sad
451.jpg,sad
445.jpg,fear
4917.jpg,fear
323.jpg,neutral
3088.jpg,uncertain
2396.jpg,disgust
1847.jpg,surprise
3936.jpg,contempt
4081.jpg,surprise
3922.jpg,anger
4095.jpg,neutral
479.jpg,anger
1853.jpg,neutral
2382.jpg,neutral
2369.jpg,anger
3077.jpg,happy
4718.jpg,neutral
1660.jpg,uncertain
1106.jpg,uncertain
492.jpg,contempt
3711.jpg,anger
3705.jpg,surprise
486.jpg,anger
1112.jpg,uncertain
1674.jpg,happy
3063.jpg,anger
1884.jpg,surprise
2355.jpg,sad
4724.jpg,happy
4042.jpg,disgust
2433.jpg,contempt
4056.jpg,neutral
3739.jpg,fear
2427.jpg,anger
2341.jpg,neutral
4730.jpg,uncertain
1890.jpg,happy
1648.jpg,surprise
653.jpg,anger
2816.jpg,neutral
135.jpg,surprise
121.jpg,disgust
2802.jpg,fear
647.jpg,fear
4283.jpg,fear
109.jpg,disgust
2194.jpg,disgust
2180.jpg,surprise
1489.jpg,anger
4297.jpg,happy
3513.jpg,uncertain
848.jpg,anger
690.jpg,neutral
1304.jpg,surprise
1462.jpg,anger
3275.jpg,surprise
3261.jpg,uncertain
1476.jpg,anger
1310.jpg,surprise
684.jpg,fear
2619.jpg,surprise
3507.jpg,neutral
4268.jpg,anger
874.jpg,sad
1338.jpg,neutral
34.jpg,fear
2631.jpg,contempt
4240.jpg,contempt
4526.jpg,neutral
3249.jpg,neutral
2157.jpg,anger
4532.jpg,neutral
2143.jpg,sad
2625.jpg,fear
4254.jpg,surprise
860.jpg,fear
20.jpg,contempt
2155.jpg,fear
4524.jpg,uncertain
4242.jpg,uncertain
2633.jpg,surprise
36.jpg,uncertain
876.jpg,anger
22.jpg,anger
862.jpg,surprise
4256.jpg,uncertain
3539.jpg,uncertain
2627.jpg,sad
2141.jpg,surprise
4530.jpg,neutral
1448.jpg,disgust
2169.jpg,neutral
3277.jpg,surprise
4518.jpg,neutral
1460.jpg,neutral
1306.jpg,surprise
692.jpg,disgust
3511.jpg,anger
3505.jpg,anger
686.jpg,neutral
1312.jpg,anger
1474.jpg,anger
3263.jpg,happy
3288.jpg,anger
2196.jpg,neutral
4281.jpg,contempt
2828.jpg,sad
4295.jpg,fear
679.jpg,sad
2182.jpg,anger
137.jpg,sad
2814.jpg,surprise
889.jpg,neutral
651.jpg,neutral
645.jpg,neutral
2800.jpg,happy
123.jpg,neutral
1138.jpg,surprise
2431.jpg,neutral
4040.jpg,sad
4726.jpg,neutral
3049.jpg,neutral
2357.jpg,neutral
1886.jpg,surprise
1892.jpg,fear
4732.jpg,anger
2343.jpg,fear
2425.jpg,fear
4054.jpg,neutral
3713.jpg,anger
490.jpg,sad
1104.jpg,surprise
1662.jpg,fear
3075.jpg,happy
3061.jpg,sad
1676.jpg,neutral
1110.jpg,happy
484.jpg,fear
2419.jpg,neutral
3707.jpg,contempt
4068.jpg,contempt
4083.jpg,happy
3934.jpg,surprise
1845.jpg,surprise
309.jpg,happy
2394.jpg,neutral
2380.jpg,fear
4929.jpg,uncertain
1851.jpg,anger
1689.jpg,fear
4097.jpg,surprise
3920.jpg,anger
453.jpg,surprise
3908.jpg,contempt
4901.jpg,neutral
1879.jpg,fear
335.jpg,neutral
321.jpg,surprise
4915.jpg,sad
447.jpg,uncertain
4134.jpg,contempt
2545.jpg,contempt
3883.jpg,anger
2223.jpg,anger
4652.jpg,surprise
2237.jpg,anger
3129.jpg,fear
4646.jpg,anger
4120.jpg,surprise
2551.jpg,neutral
3897.jpg,contempt
1058.jpg,fear
4108.jpg,surprise
3667.jpg,anger
2579.jpg,sad
1070.jpg,contempt
282.jpg,neutral
1716.jpg,contempt
3101.jpg,fear
3115.jpg,anger
1702.jpg,neutral
296.jpg,happy
1064.jpg,anger
3673.jpg,neutral
2586.jpg,happy
3840.jpg,fear
3698.jpg,anger
1931.jpg,surprise
4691.jpg,anger
4849.jpg,sad
4685.jpg,neutral
269.jpg,anger
1925.jpg,happy
2592.jpg,surprise
3854.jpg,sad
527.jpg,sad
4875.jpg,neutral
241.jpg,anger
255.jpg,happy
1919.jpg,anger
4861.jpg,anger
3868.jpg,contempt
533.jpg,neutral
1528.jpg,neutral
4450.jpg,sad
2021.jpg,disgust
2747.jpg,neutral
3459.jpg,happy
4336.jpg,surprise
902.jpg,neutral
916.jpg,fear
2753.jpg,uncertain
4322.jpg,happy
4444.jpg,neutral
2035.jpg,anger
3303.jpg,anger
1514.jpg,uncertain
1272.jpg,neutral
3465.jpg,neutral
3471.jpg,fear
1266.jpg,sad
1500.jpg,happy
4478.jpg,sad
3317.jpg,neutral
2009.jpg,sad
4493.jpg,fear
719.jpg,anger
2784.jpg,fear
2948.jpg,uncertain
2790.jpg,sad
1299.jpg,happy
4487.jpg,sad
2960.jpg,anger
725.jpg,surprise
731.jpg,anger
2974.jpg,neutral
2975.jpg,fear
730.jpg,fear
724.jpg,contempt
2961.jpg,neutral
1298.jpg,neutral
2791.jpg,surprise
2949.jpg,uncertain
4486.jpg,neutral
4492.jpg,fear
2785.jpg,fear
718.jpg,anger
1267.jpg,contempt
3470.jpg,surprise
2008.jpg,happy
3316.jpg,sad
4479.jpg,surprise
1501.jpg,happy
1515.jpg,surprise
3302.jpg,contempt
3464.jpg,neutral
1273.jpg,happy
4323.jpg,fear
2752.jpg,fear
917.jpg,surprise
2034.jpg,neutral
4445.jpg,surprise
2020.jpg,neutral
4451.jpg,disgust
1529.jpg,fear
903.jpg,surprise
4337.jpg,surprise
3458.jpg,sad
2746.jpg,disgust
4860.jpg,surprise
1918.jpg,anger
254.jpg,happy
532.jpg,anger
3869.jpg,sad
526.jpg,surprise
240.jpg,contempt
4874.jpg,anger
1924.jpg,surprise
268.jpg,neutral
4684.jpg,uncertain
3855.jpg,surprise
2593.jpg,neutral
3699.jpg,neutral
3841.jpg,neutral
2587.jpg,anger
4848.jpg,uncertain
4690.jpg,surprise
1930.jpg,sad
297.jpg,neutral
1703.jpg,fear
3114.jpg,anger
3672.jpg,contempt
1065.jpg,anger
1071.jpg,sad
2578.jpg,fear
3666.jpg,sad
4109.jpg,sad
3100.jpg,fear
1717.jpg,surprise
283.jpg,disgust
4647.jpg,anger
3128.jpg,neutral
2236.jpg,surprise
1059.jpg,neutral
3896.jpg,neutral
2550.jpg,fear
4121.jpg,contempt
3882.jpg,contempt
2544.jpg,anger
4135.jpg,anger
4653.jpg,fear
2222.jpg,sad
4914.jpg,happy
320.jpg,surprise
446.jpg,contempt
3909.jpg,sad
452.jpg,surprise
334.jpg,anger
1878.jpg,sad
4900.jpg,sad
1688.jpg,anger
1850.jpg,neutral
4928.jpg,disgust
2381.jpg,disgust
3921.jpg,surprise
4096.jpg,neutral
3935.jpg,uncertain
4082.jpg,anger
2395.jpg,anger
308.jpg,neutral
1844.jpg,happy
1677.jpg,neutral
3060.jpg,surprise
4069.jpg,neutral
3706.jpg,contempt
2418.jpg,fear
485.jpg,sad
1111.jpg,anger
1105.jpg,surprise
491.jpg,fear
3712.jpg,uncertain
3074.jpg,anger
1663.jpg,happy
2342.jpg,disgust
4733.jpg,anger
1893.jpg,happy
4055.jpg,anger
2424.jpg,sad
4041.jpg,neutral
2430.jpg,anger
1139.jpg,disgust
1887.jpg,neutral
2356.jpg,surprise
3048.jpg,sad
4727.jpg,anger
2801.jpg,sad
644.jpg,sad
122.jpg,uncertain
136.jpg,happy
650.jpg,anger
888.jpg,anger
2815.jpg,contempt
678.jpg,surprise
4294.jpg,happy
2183.jpg,happy
2197.jpg,neutral
3289.jpg,neutral
2829.jpg,anger
4280.jpg,neutral
1313.jpg,disgust
687.jpg,surprise
3504.jpg,happy
3262.jpg,surprise
1475.jpg,anger
1461.jpg,happy
4519.jpg,anger
3276.jpg,fear
2168.jpg,surprise
3510.jpg,neutral
693.jpg,surprise
1307.jpg,anger
2626.jpg,surprise
3538.jpg,fear
4257.jpg,anger
863.jpg,disgust
23.jpg,anger
1449.jpg,anger
4531.jpg,fear
2140.jpg,sad
4525.jpg,neutral
2154.jpg,fear
877.jpg,contempt
37.jpg,surprise
2632.jpg,fear
4243.jpg,neutral
1303.jpg,sad
697.jpg,surprise
3514.jpg,neutral
3272.jpg,anger
1465.jpg,neutral
1471.jpg,uncertain
2178.jpg,anger
4509.jpg,neutral
3266.jpg,neutral
3500.jpg,surprise
683.jpg,neutral
1317.jpg,neutral
3528.jpg,uncertain
4247.jpg,anger
2636.jpg,anger
33.jpg,surprise
873.jpg,surprise
1459.jpg,happy
2150.jpg,neutral
4521.jpg,fear
2144.jpg,surprise
4535.jpg,fear
27.jpg,neutral
867.jpg,neutral
4253.jpg,contempt
2622.jpg,contempt
2811.jpg,surprise
654.jpg,anger
132.jpg,happy
126.jpg,neutral
898.jpg,neutral
640.jpg,sad
2805.jpg,anger
668.jpg,neutral
4284.jpg,happy
2193.jpg,happy
3299.jpg,anger
2187.jpg,neutral
4290.jpg,sad
2839.jpg,fear
1667.jpg,contempt
3070.jpg,surprise
2408.jpg,neutral
4079.jpg,surprise
3716.jpg,uncertain
495.jpg,fear
1101.jpg,happy
1115.jpg,sad
481.jpg,surprise
3702.jpg,uncertain
3064.jpg,sad
1673.jpg,surprise
4723.jpg,neutral
2352.jpg,disgust
1883.jpg,fear
2434.jpg,neutral
4045.jpg,neutral
2420.jpg,neutral
4051.jpg,neutral
1129.jpg,happy
1897.jpg,neutral
3058.jpg,neutral
4737.jpg,neutral
2346.jpg,neutral
4904.jpg,uncertain
330.jpg,surprise
456.jpg,happy
3919.jpg,sad
442.jpg,neutral
1868.jpg,neutral
324.jpg,fear
4910.jpg,surprise
1840.jpg,neutral
1698.jpg,anger
2391.jpg,uncertain
4938.jpg,surprise
4086.jpg,neutral
3931.jpg,sad
4092.jpg,sad
3925.jpg,fear
2385.jpg,uncertain
1854.jpg,sad
318.jpg,uncertain
287.jpg,anger
1713.jpg,sad
3104.jpg,neutral
3662.jpg,anger
1075.jpg,happy
1061.jpg,disgust
3676.jpg,neutral
4119.jpg,sad
2568.jpg,neutral
3110.jpg,surprise
1707.jpg,sad
293.jpg,happy
2226.jpg,anger
4657.jpg,uncertain
3138.jpg,surprise
1049.jpg,fear
4131.jpg,anger
3886.jpg,neutral
2540.jpg,sad
4125.jpg,uncertain
3892.jpg,contempt
2554.jpg,happy
2232.jpg,neutral
4643.jpg,uncertain
4870.jpg,neutral
244.jpg,disgust
1908.jpg,surprise
522.jpg,neutral
3879.jpg,anger
536.jpg,uncertain
250.jpg,neutral
4864.jpg,contempt
278.jpg,sad
1934.jpg,neutral
4694.jpg,sad
3845.jpg,fear
2583.jpg,anger
3851.jpg,anger
2597.jpg,neutral
3689.jpg,surprise
4680.jpg,surprise
4858.jpg,anger
1920.jpg,contempt
1277.jpg,surprise
3460.jpg,happy
3306.jpg,neutral
4469.jpg,neutral
2018.jpg,anger
1511.jpg,neutral
1505.jpg,anger
3312.jpg,anger
3474.jpg,uncertain
1263.jpg,uncertain
2742.jpg,sad
4333.jpg,anger
907.jpg,anger
4455.jpg,neutral
2024.jpg,anger
4441.jpg,anger
2030.jpg,sad
1539.jpg,anger
913.jpg,happy
2756.jpg,sad
4327.jpg,happy
3448.jpg,uncertain
2965.jpg,anger
720.jpg,surprise
734.jpg,surprise
2971.jpg,happy
1288.jpg,neutral
2959.jpg,neutral
2781.jpg,sad
4496.jpg,happy
4482.jpg,surprise
2795.jpg,uncertain
708.jpg,neutral
4483.jpg,contempt
709.jpg,sad
2794.jpg,anger
2780.jpg,uncertain
2958.jpg,anger
1289.jpg,surprise
4497.jpg,anger
2970.jpg,contempt
735.jpg,uncertain
721.jpg,contempt
2964.jpg,surprise
1538.jpg,anger
2031.jpg,sad
4440.jpg,fear
3449.jpg,fear
4326.jpg,uncertain
2757.jpg,anger
912.jpg,contempt
906.jpg,neutral
4332.jpg,happy
2743.jpg,surprise
2025.jpg,contempt
4454.jpg,neutral
3313.jpg,surprise
1504.jpg,neutral
1262.jpg,happy
3475.jpg,anger
3461.jpg,uncertain
1276.jpg,neutral
1510.jpg,fear
2019.jpg,anger
4468.jpg,happy
3307.jpg,neutral
3688.jpg,happy
2596.jpg,fear
3850.jpg,fear
1921.jpg,uncertain
4859.jpg,contempt
4681.jpg,anger
4695.jpg,neutral
1935.jpg,sad
279.jpg,fear
2582.jpg,neutral
3844.jpg,neutral
537.jpg,neutral
4865.jpg,fear
251.jpg,uncertain
1909.jpg,disgust
245.jpg,surprise
4871.jpg,neutral
3878.jpg,uncertain
523.jpg,contempt
2555.jpg,neutral
3893.jpg,sad
4124.jpg,surprise
4642.jpg,disgust
2233.jpg,happy
3139.jpg,neutral
4656.jpg,anger
2227.jpg,happy
2541.jpg,surprise
3887.jpg,neutral
4130.jpg,happy
1048.jpg,neutral
2569.jpg,anger
4118.jpg,anger
3677.jpg,anger
1060.jpg,contempt
292.jpg,happy
1706.jpg,disgust
3111.jpg,contempt
3105.jpg,happy
1712.jpg,sad
286.jpg,neutral
1074.jpg,sad
3663.jpg,sad
3924.jpg,neutral
4093.jpg,disgust
319.jpg,sad
1855.jpg,sad
2384.jpg,neutral
4939.jpg,contempt
2390.jpg,neutral
1699.jpg,happy
1841.jpg,disgust
3930.jpg,anger
4087.jpg,anger
443.jpg,fear
3918.jpg,anger
4911.jpg,anger
325.jpg,happy
1869.jpg,neutral
331.jpg,anger
4905.jpg,anger
457.jpg,fear
1128.jpg,surprise
4050.jpg,happy
2421.jpg,contempt
2347.jpg,anger
4736.jpg,anger
3059.jpg,anger
1896.jpg,neutral
1882.jpg,surprise
2353.jpg,anger
4722.jpg,neutral
4044.jpg,disgust
2435.jpg,surprise
3703.jpg,contempt
480.jpg,surprise
1114.jpg,sad
1672.jpg,sad
3065.jpg,fear
3071.jpg,happy
1666.jpg,contempt
1100.jpg,anger
494.jpg,anger
3717.jpg,neutral
4078.jpg,anger
2409.jpg,anger
2186.jpg,anger
3298.jpg,uncertain
2838.jpg,anger
4291.jpg,neutral
4285.jpg,disgust
669.jpg,anger
2192.jpg,fear
127.jpg,uncertain
2804.jpg,surprise
641.jpg,sad
899.jpg,sad
655.jpg,happy
2810.jpg,sad
133.jpg,sad
4534.jpg,happy
2145.jpg,fear
2623.jpg,sad
4252.jpg,anger
866.jpg,contempt
26.jpg,surprise
872.jpg,neutral
32.jpg,neutral
2637.jpg,happy
4246.jpg,neutral
3529.jpg,surprise
4520.jpg,fear
2151.jpg,neutral
1458.jpg,surprise
3267.jpg,uncertain
4508.jpg,sad
2179.jpg,contempt
1470.jpg,uncertain
1316.jpg,sad
682.jpg,anger
3501.jpg,happy
3515.jpg,anger
696.jpg,anger
1302.jpg,contempt
1464.jpg,anger
3273.jpg,surprise
3503.jpg,anger
680.jpg,neutral
1314.jpg,contempt
18.jpg,fear
858.jpg,surprise
1472.jpg,surprise
3265.jpg,fear
3271.jpg,fear
1466.jpg,happy
1300.jpg,anger
694.jpg,contempt
3517.jpg,neutral
4278.jpg,neutral
2609.jpg,uncertain
1328.jpg,fear
24.jpg,happy
864.jpg,surprise
4250.jpg,surprise
2621.jpg,contempt
2147.jpg,uncertain
4536.jpg,sad
3259.jpg,happy
2153.jpg,sad
4522.jpg,anger
4244.jpg,contempt
2635.jpg,contempt
30.jpg,uncertain
870.jpg,happy
643.jpg,happy
2806.jpg,anger
125.jpg,disgust
131.jpg,neutral
2812.jpg,uncertain
657.jpg,fear
4293.jpg,disgust
119.jpg,happy
2184.jpg,uncertain
2190.jpg,disgust
1499.jpg,happy
4287.jpg,sad
3067.jpg,surprise
4708.jpg,contempt
2379.jpg,sad
1670.jpg,surprise
1116.jpg,neutral
482.jpg,anger
3701.jpg,happy
3715.jpg,neutral
496.jpg,anger
1102.jpg,fear
1664.jpg,anger
3073.jpg,happy
1894.jpg,anger
4734.jpg,anger
2345.jpg,anger
2423.jpg,fear
4052.jpg,uncertain
2437.jpg,happy
4046.jpg,happy
3729.jpg,neutral
4720.jpg,neutral
2351.jpg,neutral
1658.jpg,happy
1880.jpg,disgust
327.jpg,anger
4913.jpg,neutral
441.jpg,anger
455.jpg,disgust
4907.jpg,contempt
333.jpg,disgust
2386.jpg,anger
3098.jpg,surprise
1857.jpg,sad
4091.jpg,anger
3926.jpg,anger
4085.jpg,uncertain
3932.jpg,neutral
469.jpg,surprise
1843.jpg,fear
2392.jpg,contempt
3113.jpg,anger
1704.jpg,neutral
290.jpg,disgust
1062.jpg,happy
3675.jpg,sad
3661.jpg,contempt
1076.jpg,sad
284.jpg,fear
1710.jpg,fear
2219.jpg,anger
4668.jpg,surprise
3107.jpg,surprise
1738.jpg,fear
4898.jpg,neutral
2231.jpg,anger
4640.jpg,disgust
3649.jpg,happy
4126.jpg,surprise
3891.jpg,contempt
2557.jpg,neutral
4132.jpg,neutral
3885.jpg,disgust
2543.jpg,happy
2225.jpg,neutral
4654.jpg,happy
253.jpg,disgust
4867.jpg,surprise
535.jpg,sad
521.jpg,sad
4873.jpg,anger
247.jpg,fear
4683.jpg,contempt
1923.jpg,surprise
509.jpg,surprise
3852.jpg,fear
2594.jpg,anger
3846.jpg,sad
2580.jpg,fear
1089.jpg,neutral
1937.jpg,happy
4697.jpg,surprise
2769.jpg,neutral
4318.jpg,neutral
3477.jpg,fear
1260.jpg,sad
1506.jpg,contempt
3311.jpg,happy
3305.jpg,contempt
1512.jpg,anger
938.jpg,anger
1274.jpg,neutral
3463.jpg,neutral
910.jpg,anger
2755.jpg,uncertain
4324.jpg,happy
4442.jpg,contempt
2033.jpg,sad
3339.jpg,neutral
4456.jpg,surprise
2027.jpg,anger
2741.jpg,neutral
2999.jpg,neutral
4330.jpg,neutral
904.jpg,uncertain
1248.jpg,surprise
737.jpg,contempt
2972.jpg,fear
2966.jpg,happy
723.jpg,surprise
3488.jpg,anger
2796.jpg,neutral
4481.jpg,fear
4495.jpg,disgust
2782.jpg,fear
4494.jpg,anger
2783.jpg,fear
2797.jpg,disgust
3489.jpg,happy
4480.jpg,sad
722.jpg,contempt
2967.jpg,anger
2973.jpg,anger
736.jpg,anger
2026.jpg,surprise
4457.jpg,surprise
3338.jpg,neutral
1249.jpg,uncertain
905.jpg,contempt
4331.jpg,happy
2998.jpg,neutral
2740.jpg,neutral
4325.jpg,fear
2754.jpg,contempt
911.jpg,surprise
2032.jpg,surprise
4443.jpg,sad
1513.jpg,surprise
3304.jpg,surprise
3462.jpg,fear
1275.jpg,sad
939.jpg,neutral
1261.jpg,neutral
3476.jpg,anger
4319.jpg,fear
2768.jpg,contempt
3310.jpg,surprise
1507.jpg,fear
1088.jpg,surprise
2581.jpg,anger
3847.jpg,sad
4696.jpg,surprise
1936.jpg,contempt
1922.jpg,neutral
4682.jpg,neutral
2595.jpg,contempt
3853.jpg,neutral
508.jpg,surprise
520.jpg,surprise
246.jpg,happy
4872.jpg,fear
4866.jpg,surprise
252.jpg,fear
534.jpg,sad
2542.jpg,anger
3884.jpg,anger
4133.jpg,anger
4655.jpg,contempt
2224.jpg,anger
4641.jpg,neutral
2230.jpg,happy
4899.jpg,contempt
1739.jpg,fear
2556.jpg,sad
3890.jpg,neutral
4127.jpg,surprise
3648.jpg,happy
1077.jpg,contempt
3660.jpg,surprise
3106.jpg,neutral
4669.jpg,neutral
2218.jpg,surprise
1711.jpg,neutral
285.jpg,surprise
291.jpg,neutral
1705.jpg,uncertain
3112.jpg,disgust
3674.jpg,fear
1063.jpg,surprise
468.jpg,uncertain
3933.jpg,neutral
4084.jpg,uncertain
2393.jpg,sad
1842.jpg,surprise
1856.jpg,anger
3099.jpg,disgust
2387.jpg,disgust
3927.jpg,anger
4090.jpg,neutral
454.jpg,uncertain
332.jpg,surprise
4906.jpg,neutral
4912.jpg,surprise
326.jpg,happy
440.jpg,sad
3728.jpg,sad
4047.jpg,anger
2436.jpg,contempt
1881.jpg,disgust
1659.jpg,uncertain
2350.jpg,neutral
4721.jpg,happy
2344.jpg,neutral
4735.jpg,neutral
1895.jpg,happy
4053.jpg,neutral
2422.jpg,sad
1103.jpg,sad
497.jpg,anger
3714.jpg,sad
3072.jpg,happy
1665.jpg,happy
1671.jpg,happy
2378.jpg,happy
4709.jpg,disgust
3066.jpg,fear
3700.jpg,anger
483.jpg,sad
1117.jpg,surprise
1498.jpg,happy
2191.jpg,fear
4286.jpg,anger
4292.jpg,sad
2185.jpg,uncertain
118.jpg,disgust
130.jpg,neutral
656.jpg,fear
2813.jpg,neutral
2807.jpg,disgust
642.jpg,neutral
124.jpg,happy
4523.jpg,uncertain
2152.jpg,anger
871.jpg,anger
31.jpg,anger
2634.jpg,neutral
4245.jpg,neutral
2620.jpg,happy
4251.jpg,anger
865.jpg,contempt
25.jpg,neutral
1329.jpg,happy
3258.jpg,surprise
4537.jpg,neutral
2146.jpg,fear
1467.jpg,surprise
3270.jpg,contempt
2608.jpg,neutral
4279.jpg,uncertain
3516.jpg,contempt
695.jpg,neutral
1301.jpg,fear
859.jpg,neutral
19.jpg,disgust
1315.jpg,disgust
681.jpg,anger
3502.jpg,uncertain
3264.jpg,contempt
1473.jpg,fear
4236.jpg,fear
3559.jpg,neutral
2647.jpg,fear
42.jpg,anger
802.jpg,happy
1428.jpg,surprise
2121.jpg,surprise
4550.jpg,fear
2135.jpg,neutral
4.jpg,neutral
4544.jpg,sad
56.jpg,disgust
816.jpg,anger
4222.jpg,anger
2653.jpg,anger
1372.jpg,contempt
3565.jpg,disgust
3203.jpg,neutral
180.jpg,surprise
1414.jpg,happy
1400.jpg,happy
194.jpg,happy
2109.jpg,fear
3217.jpg,anger
4578.jpg,neutral
3571.jpg,anger
1366.jpg,anger
81.jpg,anger
619.jpg,disgust
2684.jpg,disgust
4593.jpg,fear
4587.jpg,fear
2690.jpg,surprise
2848.jpg,anger
95.jpg,surprise
1399.jpg,happy
2860.jpg,fear
625.jpg,surprise
143.jpg,contempt
157.jpg,sad
631.jpg,anger
2874.jpg,surprise
4752.jpg,uncertain
2323.jpg,contempt
3983.jpg,surprise
2445.jpg,neutral
4034.jpg,surprise
3997.jpg,fear
2451.jpg,neutral
4020.jpg,happy
1158.jpg,surprise
4746.jpg,disgust
3029.jpg,surprise
2337.jpg,neutral
1616.jpg,fear
382.jpg,contempt
3001.jpg,neutral
2479.jpg,surprise
3767.jpg,surprise
4008.jpg,sad
1170.jpg,happy
1164.jpg,surprise
3773.jpg,anger
3015.jpg,contempt
396.jpg,fear
1602.jpg,neutral
1831.jpg,disgust
4949.jpg,fear
4791.jpg,disgust
3798.jpg,surprise
3940.jpg,contempt
2486.jpg,uncertain
3954.jpg,anger
2492.jpg,neutral
4785.jpg,sad
1825.jpg,disgust
369.jpg,surprise
4975.jpg,contempt
341.jpg,happy
427.jpg,uncertain
3968.jpg,anger
433.jpg,neutral
1819.jpg,surprise
355.jpg,anger
4961.jpg,neutral
2257.jpg,happy
3149.jpg,surprise
4626.jpg,happy
1986.jpg,neutral
1038.jpg,fear
4140.jpg,uncertain
2531.jpg,disgust
4154.jpg,neutral
2525.jpg,happy
1992.jpg,neutral
2243.jpg,happy
4632.jpg,sad
1762.jpg,sad
3175.jpg,neutral
3613.jpg,fear
1004.jpg,surprise
590.jpg,sad
584.jpg,happy
1010.jpg,surprise
4168.jpg,surprise
3607.jpg,neutral
2519.jpg,uncertain
3161.jpg,happy
1776.jpg,disgust
209.jpg,neutral
1945.jpg,surprise
2294.jpg,sad
3834.jpg,surprise
4183.jpg,fear
3820.jpg,anger
4197.jpg,contempt
2280.jpg,contempt
4829.jpg,fear
1789.jpg,happy
1951.jpg,happy
4801.jpg,disgust
235.jpg,sad
1979.jpg,surprise
553.jpg,anger
3808.jpg,happy
547.jpg,surprise
221.jpg,surprise
4815.jpg,anger
2733.jpg,surprise
4342.jpg,contempt
976.jpg,disgust
4424.jpg,contempt
2055.jpg,neutral
4430.jpg,anger
2041.jpg,surprise
1548.jpg,disgust
962.jpg,sad
2727.jpg,surprise
3439.jpg,happy
4356.jpg,sad
792.jpg,neutral
1206.jpg,sad
3411.jpg,neutral
4418.jpg,surprise
3377.jpg,uncertain
2069.jpg,anger
1560.jpg,surprise
1574.jpg,contempt
3363.jpg,surprise
3405.jpg,happy
1212.jpg,anger
786.jpg,surprise
4381.jpg,happy
2928.jpg,anger
2096.jpg,contempt
3388.jpg,surprise
2082.jpg,sad
4395.jpg,surprise
779.jpg,surprise
2914.jpg,neutral
751.jpg,fear
989.jpg,fear
745.jpg,neutral
2900.jpg,fear
2901.jpg,anger
744.jpg,anger
988.jpg,sad
750.jpg,happy
2915.jpg,fear
2083.jpg,contempt
778.jpg,fear
4394.jpg,neutral
2929.jpg,neutral
4380.jpg,uncertain
3389.jpg,neutral
2097.jpg,fear
3362.jpg,fear
1575.jpg,uncertain
787.jpg,contempt
1213.jpg,uncertain
3404.jpg,happy
3410.jpg,neutral
1207.jpg,anger
793.jpg,anger
1561.jpg,anger
2068.jpg,neutral
3376.jpg,sad
4419.jpg,happy
1549.jpg,neutral
2040.jpg,surprise
4431.jpg,neutral
4357.jpg,neutral
3438.jpg,uncertain
2726.jpg,anger
963.jpg,fear
977.jpg,contempt
4343.jpg,anger
2732.jpg,neutral
2054.jpg,sad
4425.jpg,uncertain
546.jpg,disgust
4814.jpg,sad
220.jpg,fear
1978.jpg,anger
234.jpg,anger
4800.jpg,neutral
3809.jpg,anger
552.jpg,anger
4196.jpg,anger
3821.jpg,surprise
1950.jpg,contempt
1788.jpg,anger
4828.jpg,fear
2281.jpg,uncertain
2295.jpg,surprise
1944.jpg,contempt
208.jpg,surprise
4182.jpg,contempt
3835.jpg,anger
2518.jpg,surprise
3606.jpg,surprise
4169.jpg,contempt
1011.jpg,surprise
585.jpg,neutral
1777.jpg,anger
3160.jpg,surprise
3174.jpg,disgust
1763.jpg,happy
591.jpg,fear
1005.jpg,neutral
3612.jpg,sad
2524.jpg,fear
4155.jpg,happy
4633.jpg,neutral
2242.jpg,anger
1993.jpg,fear
1987.jpg,anger
4627.jpg,neutral
3148.jpg,neutral
2256.jpg,neutral
2530.jpg,uncertain
4141.jpg,anger
1039.jpg,contempt
432.jpg,contempt
3969.jpg,anger
4960.jpg,anger
354.jpg,anger
1818.jpg,happy
340.jpg,surprise
4974.jpg,fear
426.jpg,anger
2493.jpg,sad
3955.jpg,neutral
368.jpg,anger
1824.jpg,uncertain
4784.jpg,neutral
4790.jpg,anger
4948.jpg,neutral
1830.jpg,neutral
2487.jpg,sad
3941.jpg,neutral
3799.jpg,anger
3772.jpg,disgust
1165.jpg,surprise
1603.jpg,anger
397.jpg,fear
3014.jpg,fear
3000.jpg,contempt
383.jpg,happy
1617.jpg,disgust
1171.jpg,neutral
4009.jpg,fear
3766.jpg,anger
2478.jpg,sad
1159.jpg,uncertain
4021.jpg,sad
2450.jpg,surprise
3996.jpg,happy
2336.jpg,neutral
3028.jpg,fear
4747.jpg,neutral
2322.jpg,happy
4753.jpg,anger
4035.jpg,disgust
2444.jpg,sad
3982.jpg,anger
156.jpg,sad
2875.jpg,fear
630.jpg,disgust
624.jpg,surprise
2861.jpg,surprise
142.jpg,uncertain
4586.jpg,surprise
1398.jpg,fear
94.jpg,neutral
2849.jpg,surprise
2691.jpg,anger
2685.jpg,fear
618.jpg,anger
80.jpg,sad
4592.jpg,neutral
4579.jpg,surprise
3216.jpg,sad
2108.jpg,contempt
195.jpg,uncertain
1401.jpg,uncertain
1367.jpg,surprise
3570.jpg,neutral
3564.jpg,surprise
1373.jpg,neutral
1415.jpg,disgust
181.jpg,surprise
3202.jpg,surprise
4545.jpg,surprise
5.jpg,anger
2134.jpg,neutral
2652.jpg,contempt
4223.jpg,fear
817.jpg,sad
57.jpg,anger
803.jpg,fear
43.jpg,anger
2646.jpg,neutral
3558.jpg,neutral
4237.jpg,surprise
4551.jpg,neutral
2120.jpg,uncertain
1429.jpg,neutral
55.jpg,contempt
1359.jpg,disgust
815.jpg,neutral
2888.jpg,uncertain
4221.jpg,fear
2650.jpg,fear
2136.jpg,surprise
3228.jpg,anger
7.jpg,neutral
4547.jpg,happy
2122.jpg,sad
4553.jpg,fear
4235.jpg,contempt
2644.jpg,happy
41.jpg,fear
801.jpg,surprise
3572.jpg,fear
69.jpg,disgust
1365.jpg,disgust
829.jpg,sad
1403.jpg,anger
197.jpg,neutral
3214.jpg,neutral
3200.jpg,uncertain
183.jpg,anger
1417.jpg,sad
1371.jpg,anger
4209.jpg,uncertain
3566.jpg,uncertain
2678.jpg,happy
2693.jpg,sad
96.jpg,uncertain
168.jpg,neutral
4584.jpg,neutral
4590.jpg,uncertain
82.jpg,surprise
2687.jpg,sad
3599.jpg,sad
632.jpg,anger
2877.jpg,uncertain
154.jpg,happy
140.jpg,sad
2863.jpg,neutral
626.jpg,fear
4745.jpg,sad
2334.jpg,happy
3994.jpg,neutral
2452.jpg,anger
4023.jpg,sad
3980.jpg,disgust
2446.jpg,contempt
3758.jpg,neutral
4037.jpg,disgust
4751.jpg,contempt
4989.jpg,contempt
2320.jpg,happy
1629.jpg,neutral
4779.jpg,fear
3016.jpg,sad
2308.jpg,anger
395.jpg,neutral
1601.jpg,surprise
1167.jpg,fear
3770.jpg,surprise
3764.jpg,surprise
1173.jpg,neutral
1615.jpg,neutral
381.jpg,neutral
3002.jpg,sad
4786.jpg,happy
1826.jpg,disgust
1198.jpg,sad
3957.jpg,neutral
2491.jpg,anger
3943.jpg,neutral
2485.jpg,fear
418.jpg,neutral
1832.jpg,fear
4792.jpg,fear
356.jpg,neutral
4962.jpg,neutral
430.jpg,neutral
424.jpg,contempt
4976.jpg,contempt
342.jpg,disgust
1991.jpg,fear
1749.jpg,disgust
2240.jpg,neutral
4631.jpg,surprise
4157.jpg,neutral
3638.jpg,sad
2526.jpg,surprise
4143.jpg,anger
2532.jpg,disgust
2254.jpg,anger
4625.jpg,sad
1985.jpg,fear
3162.jpg,neutral
1775.jpg,happy
587.jpg,happy
1013.jpg,surprise
3604.jpg,fear
3610.jpg,contempt
1007.jpg,surprise
593.jpg,happy
1761.jpg,anger
2268.jpg,surprise
3176.jpg,happy
4619.jpg,surprise
2283.jpg,neutral
1952.jpg,disgust
578.jpg,sad
3823.jpg,fear
4194.jpg,anger
3837.jpg,anger
4180.jpg,neutral
1946.jpg,neutral
3189.jpg,anger
2297.jpg,contempt
222.jpg,anger
4816.jpg,sad
544.jpg,surprise
550.jpg,neutral
4802.jpg,neutral
236.jpg,sad
961.jpg,disgust
2724.jpg,neutral
4355.jpg,neutral
4433.jpg,disgust
2042.jpg,happy
4427.jpg,disgust
3348.jpg,sad
2056.jpg,uncertain
2730.jpg,uncertain
4341.jpg,anger
975.jpg,neutral
1239.jpg,anger
2718.jpg,neutral
3406.jpg,anger
4369.jpg,happy
1211.jpg,fear
785.jpg,neutral
1577.jpg,disgust
3360.jpg,neutral
3374.jpg,anger
1563.jpg,contempt
949.jpg,happy
791.jpg,surprise
1205.jpg,uncertain
3412.jpg,happy
4396.jpg,neutral
1588.jpg,surprise
2081.jpg,surprise
2095.jpg,happy
4382.jpg,happy
746.jpg,anger
2903.jpg,anger
2917.jpg,uncertain
752.jpg,uncertain
753.jpg,anger
2916.jpg,surprise
2902.jpg,sad
747.jpg,neutral
2094.jpg,neutral
4383.jpg,surprise
4397.jpg,neutral
2080.jpg,sad
1589.jpg,neutral
1562.jpg,contempt
3375.jpg,surprise
3413.jpg,sad
1204.jpg,sad
790.jpg,anger
948.jpg,anger
784.jpg,surprise
1210.jpg,sad
4368.jpg,disgust
3407.jpg,disgust
2719.jpg,fear
3361.jpg,neutral
1576.jpg,surprise
2057.jpg,surprise
3349.jpg,surprise
4426.jpg,neutral
1238.jpg,disgust
974.jpg,neutral
4340.jpg,fear
2731.jpg,anger
4354.jpg,anger
2725.jpg,happy
960.jpg,fear
2043.jpg,uncertain
4432.jpg,uncertain
551.jpg,happy
237.jpg,anger
4803.jpg,sad
4817.jpg,happy
223.jpg,sad
545.jpg,neutral
4181.jpg,neutral
3836.jpg,neutral
2296.jpg,fear
3188.jpg,happy
1947.jpg,happy
1953.jpg,sad
2282.jpg,anger
4195.jpg,uncertain
3822.jpg,contempt
579.jpg,neutral
592.jpg,happy
1006.jpg,sad
3611.jpg,uncertain
4618.jpg,disgust
3177.jpg,anger
2269.jpg,anger
1760.jpg,contempt
1774.jpg,fear
3163.jpg,sad
3605.jpg,neutral
1012.jpg,sad
586.jpg,sad
2533.jpg,neutral
4142.jpg,contempt
1984.jpg,neutral
4624.jpg,fear
2255.jpg,happy
4630.jpg,disgust
2241.jpg,uncertain
1748.jpg,surprise
1990.jpg,sad
2527.jpg,uncertain
3639.jpg,disgust
4156.jpg,happy
425.jpg,uncertain
343.jpg,contempt
4977.jpg,happy
4963.jpg,anger
357.jpg,anger
431.jpg,surprise
419.jpg,neutral
2484.jpg,anger
3942.jpg,uncertain
4793.jpg,fear
1833.jpg,anger
1827.jpg,surprise
4787.jpg,sad
2490.jpg,disgust
3956.jpg,surprise
1199.jpg,happy
1172.jpg,contempt
3765.jpg,disgust
3003.jpg,surprise
380.jpg,surprise
1614.jpg,neutral
1600.jpg,neutral
394.jpg,neutral
2309.jpg,surprise
3017.jpg,surprise
4778.jpg,happy
3771.jpg,anger
1166.jpg,happy
4036.jpg,sad
3759.jpg,anger
2447.jpg,anger
3981.jpg,surprise
1628.jpg,sad
2321.jpg,happy
4988.jpg,surprise
4750.jpg,surprise
2335.jpg,fear
4744.jpg,contempt
4022.jpg,contempt
2453.jpg,neutral
3995.jpg,sad
141.jpg,surprise
627.jpg,surprise
2862.jpg,uncertain
2876.jpg,surprise
633.jpg,fear
155.jpg,anger
4591.jpg,anger
3598.jpg,disgust
2686.jpg,sad
83.jpg,anger
97.jpg,disgust
2692.jpg,neutral
4585.jpg,surprise
169.jpg,happy
1416.jpg,fear
182.jpg,happy
3201.jpg,surprise
2679.jpg,neutral
3567.jpg,fear
4208.jpg,fear
1370.jpg,anger
828.jpg,surprise
1364.jpg,fear
68.jpg,sad
3573.jpg,happy
3215.jpg,sad
196.jpg,contempt
1402.jpg,fear
4552.jpg,neutral
2123.jpg,neutral
800.jpg,neutral
40.jpg,sad
2645.jpg,neutral
4234.jpg,happy
2651.jpg,anger
4220.jpg,contempt
2889.jpg,neutral
814.jpg,sad
1358.jpg,anger
54.jpg,disgust
4546.jpg,anger
6.jpg,anger
3229.jpg,anger
2137.jpg,uncertain
1406.jpg,fear
192.jpg,surprise
3211.jpg,uncertain
3577.jpg,surprise
4218.jpg,surprise
2669.jpg,anger
1360.jpg,sad
1374.jpg,disgust
78.jpg,neutral
838.jpg,contempt
3563.jpg,fear
3205.jpg,neutral
186.jpg,sad
1412.jpg,neutral
2133.jpg,disgust
4542.jpg,neutral
2.jpg,fear
50.jpg,uncertain
810.jpg,neutral
4224.jpg,anger
2655.jpg,happy
2899.jpg,fear
4230.jpg,happy
2641.jpg,fear
1348.jpg,contempt
44.jpg,contempt
804.jpg,happy
2127.jpg,anger
4556.jpg,neutral
3239.jpg,surprise
151.jpg,uncertain
637.jpg,surprise
2872.jpg,sad
2866.jpg,surprise
623.jpg,neutral
145.jpg,sad
4581.jpg,neutral
2696.jpg,neutral
3588.jpg,fear
93.jpg,disgust
87.jpg,fear
2682.jpg,sad
4595.jpg,surprise
179.jpg,fear
1162.jpg,fear
3775.jpg,disgust
3013.jpg,neutral
390.jpg,surprise
1604.jpg,surprise
1610.jpg,anger
384.jpg,disgust
3007.jpg,surprise
4768.jpg,fear
2319.jpg,uncertain
3761.jpg,surprise
1176.jpg,fear
2457.jpg,anger
3991.jpg,neutral
4026.jpg,neutral
3749.jpg,sad
1638.jpg,anger
4740.jpg,fear
4998.jpg,sad
2331.jpg,uncertain
4754.jpg,uncertain
2325.jpg,sad
2443.jpg,sad
3985.jpg,neutral
4032.jpg,anger
435.jpg,neutral
353.jpg,anger
4967.jpg,fear
4973.jpg,fear
347.jpg,neutral
421.jpg,neutral
409.jpg,anger
2494.jpg,happy
3952.jpg,anger
4783.jpg,sad
1823.jpg,neutral
1837.jpg,fear
4797.jpg,contempt
2480.jpg,sad
3946.jpg,neutral
1189.jpg,uncertain
582.jpg,disgust
1016.jpg,anger
3601.jpg,neutral
2279.jpg,happy
4608.jpg,anger
3167.jpg,contempt
1770.jpg,surprise
1764.jpg,surprise
3173.jpg,anger
3615.jpg,uncertain
1002.jpg,contempt
596.jpg,sad
4152.jpg,happy
2523.jpg,happy
1994.jpg,neutral
2245.jpg,contempt
4634.jpg,neutral
2251.jpg,neutral
4620.jpg,sad
1980.jpg,surprise
1758.jpg,anger
3629.jpg,sad
4146.jpg,neutral
2537.jpg,neutral
541.jpg,neutral
227.jpg,neutral
4813.jpg,disgust
4807.jpg,anger
233.jpg,uncertain
555.jpg,anger
3826.jpg,anger
4191.jpg,anger
3198.jpg,sad
2286.jpg,neutral
1957.jpg,neutral
1943.jpg,neutral
2292.jpg,sad
3832.jpg,neutral
4185.jpg,disgust
569.jpg,surprise
1572.jpg,sad
3365.jpg,sad
3403.jpg,sad
958.jpg,anger
1214.jpg,uncertain
780.jpg,fear
794.jpg,anger
1200.jpg,disgust
2709.jpg,neutral
4378.jpg,anger
3417.jpg,sad
3371.jpg,anger
1566.jpg,happy
3359.jpg,anger
4436.jpg,neutral
2047.jpg,happy
964.jpg,anger
1228.jpg,sad
2721.jpg,anger
4350.jpg,anger
2735.jpg,surprise
4344.jpg,contempt
970.jpg,anger
4422.jpg,disgust
2053.jpg,anger
743.jpg,surprise
2906.jpg,contempt
2912.jpg,disgust
757.jpg,neutral
2084.jpg,disgust
4393.jpg,anger
4387.jpg,anger
2090.jpg,neutral
1599.jpg,uncertain
4386.jpg,anger
1598.jpg,happy
2091.jpg,fear
2085.jpg,neutral
4392.jpg,anger
756.jpg,contempt
2913.jpg,uncertain
2907.jpg,neutral
742.jpg,happy
971.jpg,fear
4345.jpg,happy
2734.jpg,fear
2052.jpg,disgust
4423.jpg,neutral
2046.jpg,anger
4437.jpg,neutral
3358.jpg,happy
4351.jpg,neutral
2720.jpg,sad
1229.jpg,fear
965.jpg,sad
3416.jpg,surprise
4379.jpg,anger
2708.jpg,anger
1201.jpg,happy
795.jpg,happy
1567.jpg,sad
3370.jpg,surprise
3364.jpg,anger
1573.jpg,anger
781.jpg,happy
1215.jpg,surprise
959.jpg,anger
3402.jpg,anger
2293.jpg,sad
1942.jpg,neutral
568.jpg,neutral
4184.jpg,neutral
3833.jpg,neutral
4190.jpg,disgust
3827.jpg,surprise
1956.jpg,disgust
2287.jpg,anger
3199.jpg,sad
232.jpg,disgust
4806.jpg,sad
554.jpg,neutral
540.jpg,neutral
4812.jpg,surprise
226.jpg,neutral
1759.jpg,neutral
1981.jpg,happy
4621.jpg,contempt
2250.jpg,neutral
2536.jpg,anger
4147.jpg,neutral
3628.jpg,contempt
2522.jpg,uncertain
4153.jpg,happy
4635.jpg,neutral
2244.jpg,sad
1995.jpg,contempt
3172.jpg,neutral
1765.jpg,surprise
597.jpg,happy
1003.jpg,sad
3614.jpg,sad
3600.jpg,sad
1017.jpg,uncertain
583.jpg,fear
1771.jpg,surprise
3166.jpg,fear
4609.jpg,surprise
2278.jpg,anger
4796.jpg,happy
1836.jpg,happy
1188.jpg,surprise
3947.jpg,fear
2481.jpg,uncertain
3953.jpg,sad
2495.jpg,happy
408.jpg,anger
1822.jpg,neutral
4782.jpg,fear
346.jpg,uncertain
4972.jpg,neutral
420.jpg,neutral
434.jpg,happy
4966.jpg,sad
352.jpg,neutral
2324.jpg,fear
4755.jpg,contempt
4033.jpg,anger
3984.jpg,neutral
2442.jpg,neutral
3748.jpg,fear
4027.jpg,surprise
3990.jpg,happy
2456.jpg,fear
2330.jpg,anger
4999.jpg,contempt
4741.jpg,anger
1639.jpg,anger
2318.jpg,anger
4769.jpg,fear
3006.jpg,disgust
385.jpg,sad
1611.jpg,surprise
1177.jpg,surprise
3760.jpg,sad
3774.jpg,surprise
1163.jpg,neutral
1605.jpg,neutral
391.jpg,uncertain
3012.jpg,fear
2683.jpg,sad
86.jpg,contempt
178.jpg,contempt
4594.jpg,contempt
4580.jpg,neutral
92.jpg,anger
3589.jpg,neutral
2697.jpg,neutral
622.jpg,disgust
2867.jpg,uncertain
144.jpg,fear
150.jpg,fear
2873.jpg,fear
636.jpg,disgust
805.jpg,surprise
45.jpg,surprise
1349.jpg,happy
2640.jpg,surprise
4231.jpg,uncertain
2898.jpg,neutral
3238.jpg,surprise
4557.jpg,fear
2126.jpg,uncertain
3.jpg,anger
4543.jpg,sad
2132.jpg,surprise
2654.jpg,surprise
4225.jpg,happy
811.jpg,fear
51.jpg,uncertain
3562.jpg,uncertain
839.jpg,neutral
79.jpg,anger
1375.jpg,happy
1413.jpg,surprise
187.jpg,sad
3204.jpg,neutral
3210.jpg,anger
193.jpg,surprise
1407.jpg,neutral
1361.jpg,neutral
2668.jpg,anger
4219.jpg,surprise
3576.jpg,anger
2118.jpg,anger
4569.jpg,fear
3206.jpg,fear
185.jpg,neutral
1411.jpg,anger
1377.jpg,uncertain
3560.jpg,neutral
3574.jpg,neutral
1363.jpg,anger
1405.jpg,surprise
191.jpg,fear
3212.jpg,sad
2124.jpg,neutral
4555.jpg,anger
4233.jpg,happy
2642.jpg,sad
47.jpg,neutral
807.jpg,uncertain
53.jpg,neutral
813.jpg,fear
3548.jpg,sad
4227.jpg,fear
2656.jpg,neutral
2130.jpg,sad
4541.jpg,neutral
1.jpg,surprise
1439.jpg,contempt
146.jpg,neutral
2865.jpg,sad
620.jpg,fear
634.jpg,happy
2871.jpg,fear
152.jpg,surprise
4596.jpg,anger
1388.jpg,fear
84.jpg,neutral
2681.jpg,neutral
2859.jpg,neutral
2695.jpg,surprise
608.jpg,anger
90.jpg,surprise
4582.jpg,neutral
3762.jpg,anger
1175.jpg,anger
1613.jpg,happy
387.jpg,anger
3004.jpg,neutral
3010.jpg,fear
393.jpg,disgust
1607.jpg,uncertain
1161.jpg,sad
2468.jpg,neutral
4019.jpg,sad
3776.jpg,surprise
1149.jpg,fear
2440.jpg,happy
3986.jpg,uncertain
4031.jpg,fear
3038.jpg,neutral
4757.jpg,sad
2326.jpg,uncertain
4743.jpg,uncertain
2332.jpg,contempt
2454.jpg,anger
3992.jpg,fear
4025.jpg,disgust
422.jpg,happy
3979.jpg,disgust
4970.jpg,uncertain
1808.jpg,anger
344.jpg,sad
350.jpg,neutral
4964.jpg,surprise
436.jpg,surprise
2483.jpg,happy
3945.jpg,anger
1834.jpg,happy
378.jpg,neutral
4794.jpg,uncertain
4958.jpg,neutral
4780.jpg,sad
1820.jpg,neutral
3789.jpg,sad
2497.jpg,anger
3951.jpg,disgust
3616.jpg,anger
4179.jpg,happy
2508.jpg,uncertain
1001.jpg,happy
595.jpg,uncertain
1767.jpg,surprise
3170.jpg,neutral
3164.jpg,anger
1773.jpg,neutral
581.jpg,uncertain
1015.jpg,happy
3602.jpg,neutral
4145.jpg,uncertain
2534.jpg,anger
2252.jpg,contempt
4623.jpg,fear
1983.jpg,surprise
1997.jpg,surprise
2246.jpg,sad
4637.jpg,surprise
3158.jpg,contempt
4151.jpg,neutral
2520.jpg,happy
1029.jpg,surprise
556.jpg,anger
4804.jpg,anger
230.jpg,surprise
224.jpg,fear
1968.jpg,anger
4810.jpg,neutral
3819.jpg,neutral
542.jpg,fear
3831.jpg,neutral
4186.jpg,happy
1798.jpg,sad
1940.jpg,anger
2291.jpg,sad
4838.jpg,anger
2285.jpg,contempt
218.jpg,sad
1954.jpg,fear
3825.jpg,uncertain
4192.jpg,disgust
3372.jpg,surprise
1565.jpg,happy
797.jpg,sad
1203.jpg,contempt
3414.jpg,sad
3400.jpg,surprise
1217.jpg,sad
783.jpg,anger
1571.jpg,surprise
3366.jpg,happy
4409.jpg,surprise
2078.jpg,anger
1559.jpg,neutral
4421.jpg,uncertain
2050.jpg,anger
2736.jpg,surprise
4347.jpg,surprise
3428.jpg,anger
973.jpg,disgust
967.jpg,fear
2722.jpg,neutral
4353.jpg,uncertain
4435.jpg,anger
2044.jpg,sad
2911.jpg,anger
754.jpg,surprise
740.jpg,neutral
998.jpg,neutral
2905.jpg,sad
2093.jpg,anger
768.jpg,neutral
4384.jpg,contempt
4390.jpg,contempt
2939.jpg,contempt
2087.jpg,sad
3399.jpg,anger
2938.jpg,uncertain
4391.jpg,fear
3398.jpg,uncertain
2086.jpg,sad
2092.jpg,neutral
4385.jpg,happy
769.jpg,happy
2904.jpg,neutral
999.jpg,surprise
741.jpg,disgust
755.jpg,anger
2910.jpg,uncertain
4352.jpg,neutral
2723.jpg,happy
966.jpg,anger
2045.jpg,happy
4434.jpg,disgust
2051.jpg,contempt
4420.jpg,neutral
1558.jpg,happy
972.jpg,neutral
3429.jpg,disgust
4346.jpg,uncertain
2737.jpg,surprise
782.jpg,surprise
1216.jpg,anger
3401.jpg,anger
2079.jpg,neutral
4408.jpg,surprise
3367.jpg,fear
1570.jpg,anger
1564.jpg,sad
3373.jpg,anger
3415.jpg,happy
1202.jpg,sad
796.jpg,anger
1955.jpg,sad
219.jpg,anger
2284.jpg,fear
4193.jpg,anger
3824.jpg,happy
4187.jpg,contempt
3830.jpg,anger
4839.jpg,disgust
2290.jpg,anger
1941.jpg,fear
1799.jpg,happy
4811.jpg,sad
1969.jpg,surprise
225.jpg,sad
543.jpg,surprise
3818.jpg,neutral
557.jpg,neutral
231.jpg,neutral
4805.jpg,happy
3159.jpg,neutral
4636.jpg,disgust
2247.jpg,uncertain
1996.jpg,sad
1028.jpg,disgust
2521.jpg,anger
4150.jpg,anger
2535.jpg,fear
4144.jpg,sad
1982.jpg,contempt
4622.jpg,sad
2253.jpg,happy
1772.jpg,fear
3165.jpg,happy
3603.jpg,surprise
1014.jpg,happy
580.jpg,fear
594.jpg,disgust
1000.jpg,happy
2509.jpg,neutral
4178.jpg,anger
3617.jpg,neutral
3171.jpg,sad
1766.jpg,surprise
1821.jpg,neutral
4781.jpg,happy
4959.jpg,contempt
3950.jpg,surprise
2496.jpg,sad
3788.jpg,neutral
3944.jpg,neutral
2482.jpg,sad
4795.jpg,neutral
379.jpg,surprise
1835.jpg,fear
4965.jpg,anger
351.jpg,surprise
437.jpg,surprise
3978.jpg,fear
423.jpg,surprise
345.jpg,sad
1809.jpg,sad
4971.jpg,neutral
2333.jpg,uncertain
4742.jpg,uncertain
4024.jpg,neutral
3993.jpg,anger
2455.jpg,anger
4030.jpg,sad
3987.jpg,contempt
2441.jpg,anger
1148.jpg,neutral
2327.jpg,happy
4756.jpg,sad
3039.jpg,neutral
1606.jpg,sad
392.jpg,disgust
3011.jpg,anger
3777.jpg,uncertain
4018.jpg,anger
2469.jpg,surprise
1160.jpg,surprise
1174.jpg,surprise
3763.jpg,contempt
3005.jpg,fear
386.jpg,fear
1612.jpg,fear
91.jpg,anger
609.jpg,anger
2694.jpg,surprise
4583.jpg,surprise
4597.jpg,neutral
2858.jpg,contempt
2680.jpg,uncertain
85.jpg,fear
1389.jpg,fear
2870.jpg,surprise
635.jpg,contempt
153.jpg,uncertain
147.jpg,anger
621.jpg,sad
2864.jpg,fear
2657.jpg,surprise
4226.jpg,happy
3549.jpg,happy
812.jpg,disgust
52.jpg,neutral
1438.jpg,sad
0.jpg,sad
4540.jpg,neutral
2131.jpg,anger
4554.jpg,fear
2125.jpg,neutral
806.jpg,surprise
46.jpg,sad
2643.jpg,contempt
4232.jpg,neutral
1362.jpg,uncertain
3575.jpg,anger
3213.jpg,sad
190.jpg,anger
1404.jpg,sad
1410.jpg,sad
184.jpg,neutral
3207.jpg,contempt
4568.jpg,neutral
2119.jpg,contempt
3561.jpg,sad
1376.jpg,uncertain
